,star_names,distance,mass,radius,Star_name,Distance,Mass,Radius
0,Sun,0.000015813,1,1,SDSS J000013.54+255418.6 [de],46.1,48,0.99
1,Sirius,0008.6,2.1,1.71,2MASS J00040288-6410358,192,19,1.63
2,Canopus,0310,15,71,LHS 102BC,,,
3,Alpha Centauri,0004.4,1.1,1.2,2MASS J00242463-0158201,37.7,79,1.09
4,Arcturus,0037,1.1,26,2MASS J00250365+4759191AB,143,,
5,Vega,0025,2.2,2.7,2MASS J00274197+0503417,236,31,1.44
6,Capella,0043,2.6,12,2MASS J00275592+2219328,46.9,,
7,Rigel,0860,23,78.9,2MASSW J0030300-145033,87.2,54,0.98
8,Procyon,0011.4,1.5,1.9,2MASS J00332386-1521309 [de],131,29,1.43
9,Betelgeuse,0640[1],20,950,2MASS J00345157+0523050,31,42,0.94
10,Achernar,0144,6.7,9.3,2MASS 0036+1821,28.6,42,0.94
11,Hadar,0390,10.5,8.6,2MASSW J0045214+163445,57,23,1.62
12,Altair,0017,1.8,1.8,WISEP J004701.06+680352.1 [fr],40,12,1.3
13,Acrux,0320,18,8.9,2MASS J00501994-3322402 [de],34,40,0.94
14,Aldebaran,0065,1.5,44,2MASS J00034227-2822410,,,
15,Antares,0600,12,680,2MASS J00584253-0651239 [de],96,29,1.43
16,Spica,0260,11.43,7.47,CFBDS J005910.90–011401.3,30,23,
17,Pollux,0034,1.9,8.8,2MASSI J0103320+193536,70,52,0.98
18,Fomalhaut,0025,1.9,1.8,SDSSp J010752.33+004156.1 [de],51,52,0.98
19,Deneb,"2,600",19,203,2MASSI J0117474-340325 [de],163,20,1.62
20,Mimosa,0350,16,8.4,2MASS J01415823-4633574 [de],130,20,1.61
21,Regulus,0077,3.8,3.1,SDSS J015141.69+124429.6,70,47,0.97
22,Adhara,0430,12.5,14,DENIS-P J020529.0−115925A,65,,
23,Shaula,0700,14.5,8.8,DENIS-P J020529.0−115925B,65,,
24,Castor,0052,2.8,2.4,DENIS-P J020529.0−115925C,65,,
25,Gacrux,0088,1.5,84,SDSS J020742.48+000056.2 [de],111,47,0.97
26,Bellatrix,0240,8.6,5.8,2MASS J02103857-3015313,101,15,1.53
27,Elnath,0130,5.0,4.2,2MASS J02340093-6442068,155,20,1.62
28,Miaplacidus,0110,3.5,6.8,2MASS J02411151-0326587 [de],152,27,1.41
29,Alnilam,"2,000",32,42,2MASS J02431371−2453298,35,33,0.99
30,Gamma Velorum,"01,100",9.0,6,LP 771-21,53,78,1.08
31,Alnair,0101,4.0,3.4,2MASS J02511327+0047364,,,
32,Alioth,0081,2.9,4.2,Teegarden's star,12.578,80,1.27
33,Alnitak,01050,33,20,2MASS J02535980+3206373,184,65,1.9
34,Dubhe,0120,4.25,30,WISE J0254+0223,24,65,1.9
35,Mirfak,0590,8.5,68,DEN 0255-4700,16.2,80,0.97
36,Wezen,"1,600",17,200,2MASS J03185403-3421292 [de],45,49,0.97
37,Sargas,0270,5.7,26,2MASS J03205965+1854233,47,88,1.15
38,Kaus Australis,0140,3.5,6.8,2MASS J03231002-4631237,192,23,1.66
39,Avior,0630,9.0,130,SDSS J032553.17+042540.1,59,45,0.95
40,Alkaid,0104,6.1,3.4,2MASS J03264225-2102057 [de],80,18,1.3
41,Menkalinan,081,2.39,2.77,2MASS J03284265+2302051 [de],98,54,0.98
42,Atria,0390,7,92,2MASS J03341218-4953322,27.0,73,1.04
43,Alhena,0109,2.8,3.3,LP 944-20,20.9,73,1.43
44,Peacock,0180,5.9,4.8,2MASP J0345432+254023,88,74,1.05
45,Alsephina[2],0080,2.4,2.9,Teide 1,380,55,3.78
46,Mirzam,0500,13.5,10,2MASS J03510004-0052452,48,102,1.27
47,Polaris,0430,5.4,39,2MASS J03552337+1133437,29.8,20,1.32
48,Alphard,0180,3.0,50,DENIS-P J035726.9-441730 [de],130,,
49,Mintaka,01200,24,16.5,2MASS J04151954−0935066,18.6,30,0.95
50,Scheat,0196,2.1,95,SDSSp J042348.57-041403.5 [de],50,,
51,Almaaz,0653,15,140,2MASS J04285096-2253227 [de],85,80,1.09
52,Rasalgethi,0360,2.8,280,2MASS J04351612-1606574,34,100,1.26
53,Tau Ceti,011.9,0.783,0.893,2MASS J04362788-4114465,142,39,1.97
54,Delta Pavonis,019.92,0.991,1.22,2MASS J04390101-2353083 [de],29.5,48,0.97
55,Ran,010.48,0.82,0.74,2MASS J04414489+2301513,470,19,
56,V382 Carinae,"08,900",20,485,2MASS J04433764+0002040,82,22,1.78
57,Eta Carinae,"07,500",100,60–881,2MASS J04455387-3048204 [de],42,64,1.00
58,Delta Cephei,0887,4.5,44.5,2MASS J04510093-3402150 [de],69,1.04,72
59,Mu Cephei,"06,000",19.2,972,2MASS J05002100+0330501 [de],44,64,1.00
60,Titawin,044.25,1.27,1.48,2MASS J05012406-0010452 [de],64,21,1.38
61,Rho Cassiopeiae,"08,154",22,636-981,2MASS J05160945-0445499 [de],73,47,0.97
62,P Cygni,"05,545",30,76,2MASS J0523−1403,40,68,1.01
63,La Superba,"01,000",,129 - 342,2MASS 0532+8246,81,83,
64,VV Cephei,"04,900",18.2,"516 - 1,050",SDSS J053951.99-005902.0,41.62,61,1.01
65,61 Cygni,011.41,0.7,0.665,2MASS J05591914-1404488 [de],34,,
66,R Doradus,0178,0.7 - 1.0,298,LSR 0602+3910 [de],34.6,28,1.41
67,Polaris Australis,0281,1.59,3.74,2MASS J06085283-2753583,102,38,1.51
68,R Coronae Borealis,"04,566",0.85,85,WISEP J061135.13-041024.0A,69,65,
69,54 Piscium,036.1,0.76,0.94,WISEP J061135.13-041024.0B,69,53,
70,Mira,0300,1.2,370,2MASS J06244595-4521548 [de],39,56,0.99
71,RW Cephei,"014,000",13.9,"1,158",2MASS J06411840-4322329 [de],65,67,1.01
72,Lacaille 8760,012.87,0.6,0.51,DENIS-P J0652197-253450 [de],51,75,1.05
73,V838 Monocerotis,"019,896",?,380 - 750,2MASS J07003664+3157266 [de],40,,
74,HD 140283,0190,?,1.4,2MASS J07075327-4900503,60,72,1.03
75,II Pegasi,0130,0.8,3.4,UGPS J072227.51-054031.2,13.4,26,0.98
76,VY Canis Majoris,"03,900",17,"1,420",2MASSI J0727182+171001 [de],29.6,41,0.94
77,Pistol Star,"025,000",100,320,2MASS J07290002-3954043 [de],25.8,37,0.94
78,S Doradus,"0169,000",24,380,SDSS J074201.41+205520.5 [de],49,43,0.94
79,UY Scuti,"05,100",7–10,755,2MASS J0746425+200032 [fr],49.6,,
80,Barnard's Star,05.98,0.14,0.20,DENIS-P J0751164-253043 [de],55,71,1.03
81,Luhman 16,06.52,0.04,?,2MASS J07522390+1612157,60,2.01,68
82,Proxima Centauri,04.25,0.12,0.15,DENIS J081730.0-615520,16.1,44,0.94
83,KIC 8462852,"01,470",1.43,1.58,DENIS J082303.1−491201A,67,44,
84,R136a1,"0163,000",290,32,DENIS J082303.1−491201B,67,28,
85,Melnick 42,"0163,000",189,21.1,2MASS J08251968+2115521 [de],35,52,0.98
86,WR 102,"018,134",19,0.39,SDSSp J083008.12+482847.4 [de],43,48,0.99
87,VFTS 352,"0164,000",57.48,14.47,LHS 2021,55,88,1.15
88,YBP 1194,"02,772",1.01,0.99,SDSS J083048.80+012831.1 [de],77,46,0.96
89,Gliese 1214,047.5,0.16,0.21,2MASSI J0835425-081923 [de],23.53,62,1.00
90,NML Cygni,"05,251",50,"1,640 - 2,770",2MASSI J0847287-153237 [de],43,64,1.00
91,VB 10,018.72,0.075,0.10,2MASS J08533619-0329321,27.6,77,1.07
92,WOH G64,"0163,000",<20,"1,540 - 1,730",2MASSI J0859254-194926 [de],50,50,0.98
93,TRAPPIST-1,039.6,0.089,0.12,2MASSW J0920122+351742 [de],95,,
94,2MASS J0523-1403,040.3,0.07,0.086,2MASSI J0937347+293142,20.0,42,0.94
95,WISE 0855−0714,07.27,0.003,?,2MASS 0939−2448,17.4,32,0.95
96,Icarus,"014,400,000,000",33,?,2MASS J09490860-1545485 [de],59,49,0.96
97,star_names,distance,mass,radius,Star_name,Distance,Mass,Radius
98,Sun,0.000015813,1,1,SDSS J000013.54+255418.6 [de],46.1,48,0.99
99,Sirius,0008.6,2.1,1.71,2MASS J00040288-6410358,192,19,1.63
100,Canopus,0310,15,71,LHS 102BC,,,
101,Alpha Centauri,0004.4,1.1,1.2,2MASS J00242463-0158201,37.7,79,1.09
102,Arcturus,0037,1.1,26,2MASS J00250365+4759191AB,143,,
103,Vega,0025,2.2,2.7,2MASS J00274197+0503417,236,31,1.44
104,Capella,0043,2.6,12,2MASS J00275592+2219328,46.9,,
105,Rigel,0860,23,78.9,2MASSW J0030300-145033,87.2,54,0.98
106,Procyon,0011.4,1.5,1.9,2MASS J00332386-1521309 [de],131,29,1.43
107,Betelgeuse,0640[1],20,950,2MASS J00345157+0523050,31,42,0.94
108,Achernar,0144,6.7,9.3,2MASS 0036+1821,28.6,42,0.94
109,Hadar,0390,10.5,8.6,2MASSW J0045214+163445,57,23,1.62
110,Altair,0017,1.8,1.8,WISEP J004701.06+680352.1 [fr],40,12,1.3
111,Acrux,0320,18,8.9,2MASS J00501994-3322402 [de],34,40,0.94
112,Aldebaran,0065,1.5,44,2MASS J00034227-2822410,,,
113,Antares,0600,12,680,2MASS J00584253-0651239 [de],96,29,1.43
114,Spica,0260,11.43,7.47,CFBDS J005910.90–011401.3,30,23,
115,Pollux,0034,1.9,8.8,2MASSI J0103320+193536,70,52,0.98
116,Fomalhaut,0025,1.9,1.8,SDSSp J010752.33+004156.1 [de],51,52,0.98
117,Deneb,"2,600",19,203,2MASSI J0117474-340325 [de],163,20,1.62
118,Mimosa,0350,16,8.4,2MASS J01415823-4633574 [de],130,20,1.61
119,Regulus,0077,3.8,3.1,SDSS J015141.69+124429.6,70,47,0.97
120,Adhara,0430,12.5,14,DENIS-P J020529.0−115925A,65,,
121,Shaula,0700,14.5,8.8,DENIS-P J020529.0−115925B,65,,
122,Castor,0052,2.8,2.4,DENIS-P J020529.0−115925C,65,,
123,Gacrux,0088,1.5,84,SDSS J020742.48+000056.2 [de],111,47,0.97
124,Bellatrix,0240,8.6,5.8,2MASS J02103857-3015313,101,15,1.53
125,Elnath,0130,5.0,4.2,2MASS J02340093-6442068,155,20,1.62
126,Miaplacidus,0110,3.5,6.8,2MASS J02411151-0326587 [de],152,27,1.41
127,Alnilam,"2,000",32,42,2MASS J02431371−2453298,35,33,0.99
128,Gamma Velorum,"01,100",9.0,6,LP 771-21,53,78,1.08
129,Alnair,0101,4.0,3.4,2MASS J02511327+0047364,,,
130,Alioth,0081,2.9,4.2,Teegarden's star,12.578,80,1.27
131,Alnitak,01050,33,20,2MASS J02535980+3206373,184,65,1.9
132,Dubhe,0120,4.25,30,WISE J0254+0223,24,65,1.9
133,Mirfak,0590,8.5,68,DEN 0255-4700,16.2,80,0.97
134,Wezen,"1,600",17,200,2MASS J03185403-3421292 [de],45,49,0.97
135,Sargas,0270,5.7,26,2MASS J03205965+1854233,47,88,1.15
136,Kaus Australis,0140,3.5,6.8,2MASS J03231002-4631237,192,23,1.66
137,Avior,0630,9.0,130,SDSS J032553.17+042540.1,59,45,0.95
138,Alkaid,0104,6.1,3.4,2MASS J03264225-2102057 [de],80,18,1.3
139,Menkalinan,081,2.39,2.77,2MASS J03284265+2302051 [de],98,54,0.98
140,Atria,0390,7,92,2MASS J03341218-4953322,27.0,73,1.04
141,Alhena,0109,2.8,3.3,LP 944-20,20.9,73,1.43
142,Peacock,0180,5.9,4.8,2MASP J0345432+254023,88,74,1.05
143,Alsephina[2],0080,2.4,2.9,Teide 1,380,55,3.78
144,Mirzam,0500,13.5,10,2MASS J03510004-0052452,48,102,1.27
145,Polaris,0430,5.4,39,2MASS J03552337+1133437,29.8,20,1.32
146,Alphard,0180,3.0,50,DENIS-P J035726.9-441730 [de],130,,
147,Mintaka,01200,24,16.5,2MASS J04151954−0935066,18.6,30,0.95
148,Scheat,0196,2.1,95,SDSSp J042348.57-041403.5 [de],50,,
149,Almaaz,0653,15,140,2MASS J04285096-2253227 [de],85,80,1.09
150,Rasalgethi,0360,2.8,280,2MASS J04351612-1606574,34,100,1.26
151,Tau Ceti,011.9,0.783,0.893,2MASS J04362788-4114465,142,39,1.97
152,Delta Pavonis,019.92,0.991,1.22,2MASS J04390101-2353083 [de],29.5,48,0.97
153,Ran,010.48,0.82,0.74,2MASS J04414489+2301513,470,19,
154,V382 Carinae,"08,900",20,485,2MASS J04433764+0002040,82,22,1.78
155,Eta Carinae,"07,500",100,60–881,2MASS J04455387-3048204 [de],42,64,1.00
156,Delta Cephei,0887,4.5,44.5,2MASS J04510093-3402150 [de],69,1.04,72
157,Mu Cephei,"06,000",19.2,972,2MASS J05002100+0330501 [de],44,64,1.00
158,Titawin,044.25,1.27,1.48,2MASS J05012406-0010452 [de],64,21,1.38
159,Rho Cassiopeiae,"08,154",22,636-981,2MASS J05160945-0445499 [de],73,47,0.97
160,P Cygni,"05,545",30,76,2MASS J0523−1403,40,68,1.01
161,La Superba,"01,000",,129 - 342,2MASS 0532+8246,81,83,
162,VV Cephei,"04,900",18.2,"516 - 1,050",SDSS J053951.99-005902.0,41.62,61,1.01
163,61 Cygni,011.41,0.7,0.665,2MASS J05591914-1404488 [de],34,,
164,R Doradus,0178,0.7 - 1.0,298,LSR 0602+3910 [de],34.6,28,1.41
165,Polaris Australis,0281,1.59,3.74,2MASS J06085283-2753583,102,38,1.51
166,R Coronae Borealis,"04,566",0.85,85,WISEP J061135.13-041024.0A,69,65,
167,54 Piscium,036.1,0.76,0.94,WISEP J061135.13-041024.0B,69,53,
168,Mira,0300,1.2,370,2MASS J06244595-4521548 [de],39,56,0.99
169,RW Cephei,"014,000",13.9,"1,158",2MASS J06411840-4322329 [de],65,67,1.01
170,Lacaille 8760,012.87,0.6,0.51,DENIS-P J0652197-253450 [de],51,75,1.05
171,V838 Monocerotis,"019,896",?,380 - 750,2MASS J07003664+3157266 [de],40,,
172,HD 140283,0190,?,1.4,2MASS J07075327-4900503,60,72,1.03
173,II Pegasi,0130,0.8,3.4,UGPS J072227.51-054031.2,13.4,26,0.98
174,VY Canis Majoris,"03,900",17,"1,420",2MASSI J0727182+171001 [de],29.6,41,0.94
175,Pistol Star,"025,000",100,320,2MASS J07290002-3954043 [de],25.8,37,0.94
176,S Doradus,"0169,000",24,380,SDSS J074201.41+205520.5 [de],49,43,0.94
177,UY Scuti,"05,100",7–10,755,2MASS J0746425+200032 [fr],49.6,,
178,Barnard's Star,05.98,0.14,0.20,DENIS-P J0751164-253043 [de],55,71,1.03
179,Luhman 16,06.52,0.04,?,2MASS J07522390+1612157,60,2.01,68
180,Proxima Centauri,04.25,0.12,0.15,DENIS J081730.0-615520,16.1,44,0.94
181,KIC 8462852,"01,470",1.43,1.58,DENIS J082303.1−491201A,67,44,
182,R136a1,"0163,000",290,32,DENIS J082303.1−491201B,67,28,
183,Melnick 42,"0163,000",189,21.1,2MASS J08251968+2115521 [de],35,52,0.98
184,WR 102,"018,134",19,0.39,SDSSp J083008.12+482847.4 [de],43,48,0.99
185,VFTS 352,"0164,000",57.48,14.47,LHS 2021,55,88,1.15
186,YBP 1194,"02,772",1.01,0.99,SDSS J083048.80+012831.1 [de],77,46,0.96
187,Gliese 1214,047.5,0.16,0.21,2MASSI J0835425-081923 [de],23.53,62,1.00
188,NML Cygni,"05,251",50,"1,640 - 2,770",2MASSI J0847287-153237 [de],43,64,1.00
189,VB 10,018.72,0.075,0.10,2MASS J08533619-0329321,27.6,77,1.07
190,WOH G64,"0163,000",<20,"1,540 - 1,730",2MASSI J0859254-194926 [de],50,50,0.98
191,TRAPPIST-1,039.6,0.089,0.12,2MASSW J0920122+351742 [de],95,,
192,2MASS J0523-1403,040.3,0.07,0.086,2MASSI J0937347+293142,20.0,42,0.94
193,WISE 0855−0714,07.27,0.003,?,2MASS 0939−2448,17.4,32,0.95
194,Icarus,"014,400,000,000",33,?,2MASS J09490860-1545485 [de],59,49,0.96
195,star_names,distance,mass,radius,Star_name,Distance,Mass,Radius
196,Sun,0.000015813,1,1,SDSS J000013.54+255418.6 [de],46.1,48,0.99
197,Sirius,0008.6,2.1,1.71,2MASS J00040288-6410358,192,19,1.63
198,Canopus,0310,15,71,LHS 102BC,,,
199,Alpha Centauri,0004.4,1.1,1.2,2MASS J00242463-0158201,37.7,79,1.09
200,Arcturus,0037,1.1,26,2MASS J00250365+4759191AB,143,,
201,Vega,0025,2.2,2.7,2MASS J00274197+0503417,236,31,1.44
202,Capella,0043,2.6,12,2MASS J00275592+2219328,46.9,,
203,Rigel,0860,23,78.9,2MASSW J0030300-145033,87.2,54,0.98
204,Procyon,0011.4,1.5,1.9,2MASS J00332386-1521309 [de],131,29,1.43
205,Betelgeuse,0640[1],20,950,2MASS J00345157+0523050,31,42,0.94
206,Achernar,0144,6.7,9.3,2MASS 0036+1821,28.6,42,0.94
207,Hadar,0390,10.5,8.6,2MASSW J0045214+163445,57,23,1.62
208,Altair,0017,1.8,1.8,WISEP J004701.06+680352.1 [fr],40,12,1.3
209,Acrux,0320,18,8.9,2MASS J00501994-3322402 [de],34,40,0.94
210,Aldebaran,0065,1.5,44,2MASS J00034227-2822410,,,
211,Antares,0600,12,680,2MASS J00584253-0651239 [de],96,29,1.43
212,Spica,0260,11.43,7.47,CFBDS J005910.90–011401.3,30,23,
213,Pollux,0034,1.9,8.8,2MASSI J0103320+193536,70,52,0.98
214,Fomalhaut,0025,1.9,1.8,SDSSp J010752.33+004156.1 [de],51,52,0.98
215,Deneb,"2,600",19,203,2MASSI J0117474-340325 [de],163,20,1.62
216,Mimosa,0350,16,8.4,2MASS J01415823-4633574 [de],130,20,1.61
217,Regulus,0077,3.8,3.1,SDSS J015141.69+124429.6,70,47,0.97
218,Adhara,0430,12.5,14,DENIS-P J020529.0−115925A,65,,
219,Shaula,0700,14.5,8.8,DENIS-P J020529.0−115925B,65,,
220,Castor,0052,2.8,2.4,DENIS-P J020529.0−115925C,65,,
221,Gacrux,0088,1.5,84,SDSS J020742.48+000056.2 [de],111,47,0.97
222,Bellatrix,0240,8.6,5.8,2MASS J02103857-3015313,101,15,1.53
223,Elnath,0130,5.0,4.2,2MASS J02340093-6442068,155,20,1.62
224,Miaplacidus,0110,3.5,6.8,2MASS J02411151-0326587 [de],152,27,1.41
225,Alnilam,"2,000",32,42,2MASS J02431371−2453298,35,33,0.99
226,Gamma Velorum,"01,100",9.0,6,LP 771-21,53,78,1.08
227,Alnair,0101,4.0,3.4,2MASS J02511327+0047364,,,
228,Alioth,0081,2.9,4.2,Teegarden's star,12.578,80,1.27
229,Alnitak,01050,33,20,2MASS J02535980+3206373,184,65,1.9
230,Dubhe,0120,4.25,30,WISE J0254+0223,24,65,1.9
231,Mirfak,0590,8.5,68,DEN 0255-4700,16.2,80,0.97
232,Wezen,"1,600",17,200,2MASS J03185403-3421292 [de],45,49,0.97
233,Sargas,0270,5.7,26,2MASS J03205965+1854233,47,88,1.15
234,Kaus Australis,0140,3.5,6.8,2MASS J03231002-4631237,192,23,1.66
235,Avior,0630,9.0,130,SDSS J032553.17+042540.1,59,45,0.95
236,Alkaid,0104,6.1,3.4,2MASS J03264225-2102057 [de],80,18,1.3
237,Menkalinan,081,2.39,2.77,2MASS J03284265+2302051 [de],98,54,0.98
238,Atria,0390,7,92,2MASS J03341218-4953322,27.0,73,1.04
239,Alhena,0109,2.8,3.3,LP 944-20,20.9,73,1.43
240,Peacock,0180,5.9,4.8,2MASP J0345432+254023,88,74,1.05
241,Alsephina[2],0080,2.4,2.9,Teide 1,380,55,3.78
242,Mirzam,0500,13.5,10,2MASS J03510004-0052452,48,102,1.27
243,Polaris,0430,5.4,39,2MASS J03552337+1133437,29.8,20,1.32
244,Alphard,0180,3.0,50,DENIS-P J035726.9-441730 [de],130,,
245,Mintaka,01200,24,16.5,2MASS J04151954−0935066,18.6,30,0.95
246,Scheat,0196,2.1,95,SDSSp J042348.57-041403.5 [de],50,,
247,Almaaz,0653,15,140,2MASS J04285096-2253227 [de],85,80,1.09
248,Rasalgethi,0360,2.8,280,2MASS J04351612-1606574,34,100,1.26
249,Tau Ceti,011.9,0.783,0.893,2MASS J04362788-4114465,142,39,1.97
250,Delta Pavonis,019.92,0.991,1.22,2MASS J04390101-2353083 [de],29.5,48,0.97
251,Ran,010.48,0.82,0.74,2MASS J04414489+2301513,470,19,
252,V382 Carinae,"08,900",20,485,2MASS J04433764+0002040,82,22,1.78
253,Eta Carinae,"07,500",100,60–881,2MASS J04455387-3048204 [de],42,64,1.00
254,Delta Cephei,0887,4.5,44.5,2MASS J04510093-3402150 [de],69,1.04,72
255,Mu Cephei,"06,000",19.2,972,2MASS J05002100+0330501 [de],44,64,1.00
256,Titawin,044.25,1.27,1.48,2MASS J05012406-0010452 [de],64,21,1.38
257,Rho Cassiopeiae,"08,154",22,636-981,2MASS J05160945-0445499 [de],73,47,0.97
258,P Cygni,"05,545",30,76,2MASS J0523−1403,40,68,1.01
259,La Superba,"01,000",,129 - 342,2MASS 0532+8246,81,83,
260,VV Cephei,"04,900",18.2,"516 - 1,050",SDSS J053951.99-005902.0,41.62,61,1.01
261,61 Cygni,011.41,0.7,0.665,2MASS J05591914-1404488 [de],34,,
262,R Doradus,0178,0.7 - 1.0,298,LSR 0602+3910 [de],34.6,28,1.41
263,Polaris Australis,0281,1.59,3.74,2MASS J06085283-2753583,102,38,1.51
264,R Coronae Borealis,"04,566",0.85,85,WISEP J061135.13-041024.0A,69,65,
265,54 Piscium,036.1,0.76,0.94,WISEP J061135.13-041024.0B,69,53,
266,Mira,0300,1.2,370,2MASS J06244595-4521548 [de],39,56,0.99
267,RW Cephei,"014,000",13.9,"1,158",2MASS J06411840-4322329 [de],65,67,1.01
268,Lacaille 8760,012.87,0.6,0.51,DENIS-P J0652197-253450 [de],51,75,1.05
269,V838 Monocerotis,"019,896",?,380 - 750,2MASS J07003664+3157266 [de],40,,
270,HD 140283,0190,?,1.4,2MASS J07075327-4900503,60,72,1.03
271,II Pegasi,0130,0.8,3.4,UGPS J072227.51-054031.2,13.4,26,0.98
272,VY Canis Majoris,"03,900",17,"1,420",2MASSI J0727182+171001 [de],29.6,41,0.94
273,Pistol Star,"025,000",100,320,2MASS J07290002-3954043 [de],25.8,37,0.94
274,S Doradus,"0169,000",24,380,SDSS J074201.41+205520.5 [de],49,43,0.94
275,UY Scuti,"05,100",7–10,755,2MASS J0746425+200032 [fr],49.6,,
276,Barnard's Star,05.98,0.14,0.20,DENIS-P J0751164-253043 [de],55,71,1.03
277,Luhman 16,06.52,0.04,?,2MASS J07522390+1612157,60,2.01,68
278,Proxima Centauri,04.25,0.12,0.15,DENIS J081730.0-615520,16.1,44,0.94
279,KIC 8462852,"01,470",1.43,1.58,DENIS J082303.1−491201A,67,44,
280,R136a1,"0163,000",290,32,DENIS J082303.1−491201B,67,28,
281,Melnick 42,"0163,000",189,21.1,2MASS J08251968+2115521 [de],35,52,0.98
282,WR 102,"018,134",19,0.39,SDSSp J083008.12+482847.4 [de],43,48,0.99
283,VFTS 352,"0164,000",57.48,14.47,LHS 2021,55,88,1.15
284,YBP 1194,"02,772",1.01,0.99,SDSS J083048.80+012831.1 [de],77,46,0.96
285,Gliese 1214,047.5,0.16,0.21,2MASSI J0835425-081923 [de],23.53,62,1.00
286,NML Cygni,"05,251",50,"1,640 - 2,770",2MASSI J0847287-153237 [de],43,64,1.00
287,VB 10,018.72,0.075,0.10,2MASS J08533619-0329321,27.6,77,1.07
288,WOH G64,"0163,000",<20,"1,540 - 1,730",2MASSI J0859254-194926 [de],50,50,0.98
289,TRAPPIST-1,039.6,0.089,0.12,2MASSW J0920122+351742 [de],95,,
290,2MASS J0523-1403,040.3,0.07,0.086,2MASSI J0937347+293142,20.0,42,0.94
291,WISE 0855−0714,07.27,0.003,?,2MASS 0939−2448,17.4,32,0.95
292,Icarus,"014,400,000,000",33,?,2MASS J09490860-1545485 [de],59,49,0.96
293,star_names,distance,mass,radius,Star_name,Distance,Mass,Radius
294,Sun,0.000015813,1,1,SDSS J000013.54+255418.6 [de],46.1,48,0.99
295,Sirius,0008.6,2.1,1.71,2MASS J00040288-6410358,192,19,1.63
296,Canopus,0310,15,71,LHS 102BC,,,
297,Alpha Centauri,0004.4,1.1,1.2,2MASS J00242463-0158201,37.7,79,1.09
298,Arcturus,0037,1.1,26,2MASS J00250365+4759191AB,143,,
299,Vega,0025,2.2,2.7,2MASS J00274197+0503417,236,31,1.44
300,Capella,0043,2.6,12,2MASS J00275592+2219328,46.9,,
301,Rigel,0860,23,78.9,2MASSW J0030300-145033,87.2,54,0.98
302,Procyon,0011.4,1.5,1.9,2MASS J00332386-1521309 [de],131,29,1.43
303,Betelgeuse,0640[1],20,950,2MASS J00345157+0523050,31,42,0.94
304,Achernar,0144,6.7,9.3,2MASS 0036+1821,28.6,42,0.94
305,Hadar,0390,10.5,8.6,2MASSW J0045214+163445,57,23,1.62
306,Altair,0017,1.8,1.8,WISEP J004701.06+680352.1 [fr],40,12,1.3
307,Acrux,0320,18,8.9,2MASS J00501994-3322402 [de],34,40,0.94
308,Aldebaran,0065,1.5,44,2MASS J00034227-2822410,,,
309,Antares,0600,12,680,2MASS J00584253-0651239 [de],96,29,1.43
310,Spica,0260,11.43,7.47,CFBDS J005910.90–011401.3,30,23,
311,Pollux,0034,1.9,8.8,2MASSI J0103320+193536,70,52,0.98
312,Fomalhaut,0025,1.9,1.8,SDSSp J010752.33+004156.1 [de],51,52,0.98
313,Deneb,"2,600",19,203,2MASSI J0117474-340325 [de],163,20,1.62
314,Mimosa,0350,16,8.4,2MASS J01415823-4633574 [de],130,20,1.61
315,Regulus,0077,3.8,3.1,SDSS J015141.69+124429.6,70,47,0.97
316,Adhara,0430,12.5,14,DENIS-P J020529.0−115925A,65,,
317,Shaula,0700,14.5,8.8,DENIS-P J020529.0−115925B,65,,
318,Castor,0052,2.8,2.4,DENIS-P J020529.0−115925C,65,,
319,Gacrux,0088,1.5,84,SDSS J020742.48+000056.2 [de],111,47,0.97
320,Bellatrix,0240,8.6,5.8,2MASS J02103857-3015313,101,15,1.53
321,Elnath,0130,5.0,4.2,2MASS J02340093-6442068,155,20,1.62
322,Miaplacidus,0110,3.5,6.8,2MASS J02411151-0326587 [de],152,27,1.41
323,Alnilam,"2,000",32,42,2MASS J02431371−2453298,35,33,0.99
324,Gamma Velorum,"01,100",9.0,6,LP 771-21,53,78,1.08
325,Alnair,0101,4.0,3.4,2MASS J02511327+0047364,,,
326,Alioth,0081,2.9,4.2,Teegarden's star,12.578,80,1.27
327,Alnitak,01050,33,20,2MASS J02535980+3206373,184,65,1.9
328,Dubhe,0120,4.25,30,WISE J0254+0223,24,65,1.9
329,Mirfak,0590,8.5,68,DEN 0255-4700,16.2,80,0.97
330,Wezen,"1,600",17,200,2MASS J03185403-3421292 [de],45,49,0.97
331,Sargas,0270,5.7,26,2MASS J03205965+1854233,47,88,1.15
332,Kaus Australis,0140,3.5,6.8,2MASS J03231002-4631237,192,23,1.66
333,Avior,0630,9.0,130,SDSS J032553.17+042540.1,59,45,0.95
334,Alkaid,0104,6.1,3.4,2MASS J03264225-2102057 [de],80,18,1.3
335,Menkalinan,081,2.39,2.77,2MASS J03284265+2302051 [de],98,54,0.98
336,Atria,0390,7,92,2MASS J03341218-4953322,27.0,73,1.04
337,Alhena,0109,2.8,3.3,LP 944-20,20.9,73,1.43
338,Peacock,0180,5.9,4.8,2MASP J0345432+254023,88,74,1.05
339,Alsephina[2],0080,2.4,2.9,Teide 1,380,55,3.78
340,Mirzam,0500,13.5,10,2MASS J03510004-0052452,48,102,1.27
341,Polaris,0430,5.4,39,2MASS J03552337+1133437,29.8,20,1.32
342,Alphard,0180,3.0,50,DENIS-P J035726.9-441730 [de],130,,
343,Mintaka,01200,24,16.5,2MASS J04151954−0935066,18.6,30,0.95
344,Scheat,0196,2.1,95,SDSSp J042348.57-041403.5 [de],50,,
345,Almaaz,0653,15,140,2MASS J04285096-2253227 [de],85,80,1.09
346,Rasalgethi,0360,2.8,280,2MASS J04351612-1606574,34,100,1.26
347,Tau Ceti,011.9,0.783,0.893,2MASS J04362788-4114465,142,39,1.97
348,Delta Pavonis,019.92,0.991,1.22,2MASS J04390101-2353083 [de],29.5,48,0.97
349,Ran,010.48,0.82,0.74,2MASS J04414489+2301513,470,19,
350,V382 Carinae,"08,900",20,485,2MASS J04433764+0002040,82,22,1.78
351,Eta Carinae,"07,500",100,60–881,2MASS J04455387-3048204 [de],42,64,1.00
352,Delta Cephei,0887,4.5,44.5,2MASS J04510093-3402150 [de],69,1.04,72
353,Mu Cephei,"06,000",19.2,972,2MASS J05002100+0330501 [de],44,64,1.00
354,Titawin,044.25,1.27,1.48,2MASS J05012406-0010452 [de],64,21,1.38
355,Rho Cassiopeiae,"08,154",22,636-981,2MASS J05160945-0445499 [de],73,47,0.97
356,P Cygni,"05,545",30,76,2MASS J0523−1403,40,68,1.01
357,La Superba,"01,000",,129 - 342,2MASS 0532+8246,81,83,
358,VV Cephei,"04,900",18.2,"516 - 1,050",SDSS J053951.99-005902.0,41.62,61,1.01
359,61 Cygni,011.41,0.7,0.665,2MASS J05591914-1404488 [de],34,,
360,R Doradus,0178,0.7 - 1.0,298,LSR 0602+3910 [de],34.6,28,1.41
361,Polaris Australis,0281,1.59,3.74,2MASS J06085283-2753583,102,38,1.51
362,R Coronae Borealis,"04,566",0.85,85,WISEP J061135.13-041024.0A,69,65,
363,54 Piscium,036.1,0.76,0.94,WISEP J061135.13-041024.0B,69,53,
364,Mira,0300,1.2,370,2MASS J06244595-4521548 [de],39,56,0.99
365,RW Cephei,"014,000",13.9,"1,158",2MASS J06411840-4322329 [de],65,67,1.01
366,Lacaille 8760,012.87,0.6,0.51,DENIS-P J0652197-253450 [de],51,75,1.05
367,V838 Monocerotis,"019,896",?,380 - 750,2MASS J07003664+3157266 [de],40,,
368,HD 140283,0190,?,1.4,2MASS J07075327-4900503,60,72,1.03
369,II Pegasi,0130,0.8,3.4,UGPS J072227.51-054031.2,13.4,26,0.98
370,VY Canis Majoris,"03,900",17,"1,420",2MASSI J0727182+171001 [de],29.6,41,0.94
371,Pistol Star,"025,000",100,320,2MASS J07290002-3954043 [de],25.8,37,0.94
372,S Doradus,"0169,000",24,380,SDSS J074201.41+205520.5 [de],49,43,0.94
373,UY Scuti,"05,100",7–10,755,2MASS J0746425+200032 [fr],49.6,,
374,Barnard's Star,05.98,0.14,0.20,DENIS-P J0751164-253043 [de],55,71,1.03
375,Luhman 16,06.52,0.04,?,2MASS J07522390+1612157,60,2.01,68
376,Proxima Centauri,04.25,0.12,0.15,DENIS J081730.0-615520,16.1,44,0.94
377,KIC 8462852,"01,470",1.43,1.58,DENIS J082303.1−491201A,67,44,
378,R136a1,"0163,000",290,32,DENIS J082303.1−491201B,67,28,
379,Melnick 42,"0163,000",189,21.1,2MASS J08251968+2115521 [de],35,52,0.98
380,WR 102,"018,134",19,0.39,SDSSp J083008.12+482847.4 [de],43,48,0.99
381,VFTS 352,"0164,000",57.48,14.47,LHS 2021,55,88,1.15
382,YBP 1194,"02,772",1.01,0.99,SDSS J083048.80+012831.1 [de],77,46,0.96
383,Gliese 1214,047.5,0.16,0.21,2MASSI J0835425-081923 [de],23.53,62,1.00
384,NML Cygni,"05,251",50,"1,640 - 2,770",2MASSI J0847287-153237 [de],43,64,1.00
385,VB 10,018.72,0.075,0.10,2MASS J08533619-0329321,27.6,77,1.07
386,WOH G64,"0163,000",<20,"1,540 - 1,730",2MASSI J0859254-194926 [de],50,50,0.98
387,TRAPPIST-1,039.6,0.089,0.12,2MASSW J0920122+351742 [de],95,,
388,2MASS J0523-1403,040.3,0.07,0.086,2MASSI J0937347+293142,20.0,42,0.94
389,WISE 0855−0714,07.27,0.003,?,2MASS 0939−2448,17.4,32,0.95
390,Icarus,"014,400,000,000",33,?,2MASS J09490860-1545485 [de],59,49,0.96
391,star_names,distance,mass,radius,Star_name,Distance,Mass,Radius
392,Sun,0.000015813,1,1,SDSS J000013.54+255418.6 [de],46.1,48,0.99
393,Sirius,0008.6,2.1,1.71,2MASS J00040288-6410358,192,19,1.63
394,Canopus,0310,15,71,LHS 102BC,,,
395,Alpha Centauri,0004.4,1.1,1.2,2MASS J00242463-0158201,37.7,79,1.09
396,Arcturus,0037,1.1,26,2MASS J00250365+4759191AB,143,,
397,Vega,0025,2.2,2.7,2MASS J00274197+0503417,236,31,1.44
398,Capella,0043,2.6,12,2MASS J00275592+2219328,46.9,,
399,Rigel,0860,23,78.9,2MASSW J0030300-145033,87.2,54,0.98
400,Procyon,0011.4,1.5,1.9,2MASS J00332386-1521309 [de],131,29,1.43
401,Betelgeuse,0640[1],20,950,2MASS J00345157+0523050,31,42,0.94
402,Achernar,0144,6.7,9.3,2MASS 0036+1821,28.6,42,0.94
403,Hadar,0390,10.5,8.6,2MASSW J0045214+163445,57,23,1.62
404,Altair,0017,1.8,1.8,WISEP J004701.06+680352.1 [fr],40,12,1.3
405,Acrux,0320,18,8.9,2MASS J00501994-3322402 [de],34,40,0.94
406,Aldebaran,0065,1.5,44,2MASS J00034227-2822410,,,
407,Antares,0600,12,680,2MASS J00584253-0651239 [de],96,29,1.43
408,Spica,0260,11.43,7.47,CFBDS J005910.90–011401.3,30,23,
409,Pollux,0034,1.9,8.8,2MASSI J0103320+193536,70,52,0.98
410,Fomalhaut,0025,1.9,1.8,SDSSp J010752.33+004156.1 [de],51,52,0.98
411,Deneb,"2,600",19,203,2MASSI J0117474-340325 [de],163,20,1.62
412,Mimosa,0350,16,8.4,2MASS J01415823-4633574 [de],130,20,1.61
413,Regulus,0077,3.8,3.1,SDSS J015141.69+124429.6,70,47,0.97
414,Adhara,0430,12.5,14,DENIS-P J020529.0−115925A,65,,
415,Shaula,0700,14.5,8.8,DENIS-P J020529.0−115925B,65,,
416,Castor,0052,2.8,2.4,DENIS-P J020529.0−115925C,65,,
417,Gacrux,0088,1.5,84,SDSS J020742.48+000056.2 [de],111,47,0.97
418,Bellatrix,0240,8.6,5.8,2MASS J02103857-3015313,101,15,1.53
419,Elnath,0130,5.0,4.2,2MASS J02340093-6442068,155,20,1.62
420,Miaplacidus,0110,3.5,6.8,2MASS J02411151-0326587 [de],152,27,1.41
421,Alnilam,"2,000",32,42,2MASS J02431371−2453298,35,33,0.99
422,Gamma Velorum,"01,100",9.0,6,LP 771-21,53,78,1.08
423,Alnair,0101,4.0,3.4,2MASS J02511327+0047364,,,
424,Alioth,0081,2.9,4.2,Teegarden's star,12.578,80,1.27
425,Alnitak,01050,33,20,2MASS J02535980+3206373,184,65,1.9
426,Dubhe,0120,4.25,30,WISE J0254+0223,24,65,1.9
427,Mirfak,0590,8.5,68,DEN 0255-4700,16.2,80,0.97
428,Wezen,"1,600",17,200,2MASS J03185403-3421292 [de],45,49,0.97
429,Sargas,0270,5.7,26,2MASS J03205965+1854233,47,88,1.15
430,Kaus Australis,0140,3.5,6.8,2MASS J03231002-4631237,192,23,1.66
431,Avior,0630,9.0,130,SDSS J032553.17+042540.1,59,45,0.95
432,Alkaid,0104,6.1,3.4,2MASS J03264225-2102057 [de],80,18,1.3
433,Menkalinan,081,2.39,2.77,2MASS J03284265+2302051 [de],98,54,0.98
434,Atria,0390,7,92,2MASS J03341218-4953322,27.0,73,1.04
435,Alhena,0109,2.8,3.3,LP 944-20,20.9,73,1.43
436,Peacock,0180,5.9,4.8,2MASP J0345432+254023,88,74,1.05
437,Alsephina[2],0080,2.4,2.9,Teide 1,380,55,3.78
438,Mirzam,0500,13.5,10,2MASS J03510004-0052452,48,102,1.27
439,Polaris,0430,5.4,39,2MASS J03552337+1133437,29.8,20,1.32
440,Alphard,0180,3.0,50,DENIS-P J035726.9-441730 [de],130,,
441,Mintaka,01200,24,16.5,2MASS J04151954−0935066,18.6,30,0.95
442,Scheat,0196,2.1,95,SDSSp J042348.57-041403.5 [de],50,,
443,Almaaz,0653,15,140,2MASS J04285096-2253227 [de],85,80,1.09
444,Rasalgethi,0360,2.8,280,2MASS J04351612-1606574,34,100,1.26
445,Tau Ceti,011.9,0.783,0.893,2MASS J04362788-4114465,142,39,1.97
446,Delta Pavonis,019.92,0.991,1.22,2MASS J04390101-2353083 [de],29.5,48,0.97
447,Ran,010.48,0.82,0.74,2MASS J04414489+2301513,470,19,
448,V382 Carinae,"08,900",20,485,2MASS J04433764+0002040,82,22,1.78
449,Eta Carinae,"07,500",100,60–881,2MASS J04455387-3048204 [de],42,64,1.00
450,Delta Cephei,0887,4.5,44.5,2MASS J04510093-3402150 [de],69,1.04,72
451,Mu Cephei,"06,000",19.2,972,2MASS J05002100+0330501 [de],44,64,1.00
452,Titawin,044.25,1.27,1.48,2MASS J05012406-0010452 [de],64,21,1.38
453,Rho Cassiopeiae,"08,154",22,636-981,2MASS J05160945-0445499 [de],73,47,0.97
454,P Cygni,"05,545",30,76,2MASS J0523−1403,40,68,1.01
455,La Superba,"01,000",,129 - 342,2MASS 0532+8246,81,83,
456,VV Cephei,"04,900",18.2,"516 - 1,050",SDSS J053951.99-005902.0,41.62,61,1.01
457,61 Cygni,011.41,0.7,0.665,2MASS J05591914-1404488 [de],34,,
458,R Doradus,0178,0.7 - 1.0,298,LSR 0602+3910 [de],34.6,28,1.41
459,Polaris Australis,0281,1.59,3.74,2MASS J06085283-2753583,102,38,1.51
460,R Coronae Borealis,"04,566",0.85,85,WISEP J061135.13-041024.0A,69,65,
461,54 Piscium,036.1,0.76,0.94,WISEP J061135.13-041024.0B,69,53,
462,Mira,0300,1.2,370,2MASS J06244595-4521548 [de],39,56,0.99
463,RW Cephei,"014,000",13.9,"1,158",2MASS J06411840-4322329 [de],65,67,1.01
464,Lacaille 8760,012.87,0.6,0.51,DENIS-P J0652197-253450 [de],51,75,1.05
465,V838 Monocerotis,"019,896",?,380 - 750,2MASS J07003664+3157266 [de],40,,
466,HD 140283,0190,?,1.4,2MASS J07075327-4900503,60,72,1.03
467,II Pegasi,0130,0.8,3.4,UGPS J072227.51-054031.2,13.4,26,0.98
468,VY Canis Majoris,"03,900",17,"1,420",2MASSI J0727182+171001 [de],29.6,41,0.94
469,Pistol Star,"025,000",100,320,2MASS J07290002-3954043 [de],25.8,37,0.94
470,S Doradus,"0169,000",24,380,SDSS J074201.41+205520.5 [de],49,43,0.94
471,UY Scuti,"05,100",7–10,755,2MASS J0746425+200032 [fr],49.6,,
472,Barnard's Star,05.98,0.14,0.20,DENIS-P J0751164-253043 [de],55,71,1.03
473,Luhman 16,06.52,0.04,?,2MASS J07522390+1612157,60,2.01,68
474,Proxima Centauri,04.25,0.12,0.15,DENIS J081730.0-615520,16.1,44,0.94
475,KIC 8462852,"01,470",1.43,1.58,DENIS J082303.1−491201A,67,44,
476,R136a1,"0163,000",290,32,DENIS J082303.1−491201B,67,28,
477,Melnick 42,"0163,000",189,21.1,2MASS J08251968+2115521 [de],35,52,0.98
478,WR 102,"018,134",19,0.39,SDSSp J083008.12+482847.4 [de],43,48,0.99
479,VFTS 352,"0164,000",57.48,14.47,LHS 2021,55,88,1.15
480,YBP 1194,"02,772",1.01,0.99,SDSS J083048.80+012831.1 [de],77,46,0.96
481,Gliese 1214,047.5,0.16,0.21,2MASSI J0835425-081923 [de],23.53,62,1.00
482,NML Cygni,"05,251",50,"1,640 - 2,770",2MASSI J0847287-153237 [de],43,64,1.00
483,VB 10,018.72,0.075,0.10,2MASS J08533619-0329321,27.6,77,1.07
484,WOH G64,"0163,000",<20,"1,540 - 1,730",2MASSI J0859254-194926 [de],50,50,0.98
485,TRAPPIST-1,039.6,0.089,0.12,2MASSW J0920122+351742 [de],95,,
486,2MASS J0523-1403,040.3,0.07,0.086,2MASSI J0937347+293142,20.0,42,0.94
487,WISE 0855−0714,07.27,0.003,?,2MASS 0939−2448,17.4,32,0.95
488,Icarus,"014,400,000,000",33,?,2MASS J09490860-1545485 [de],59,49,0.96
489,star_names,distance,mass,radius,Star_name,Distance,Mass,Radius
490,Sun,0.000015813,1,1,SDSS J000013.54+255418.6 [de],46.1,48,0.99
491,Sirius,0008.6,2.1,1.71,2MASS J00040288-6410358,192,19,1.63
492,Canopus,0310,15,71,LHS 102BC,,,
493,Alpha Centauri,0004.4,1.1,1.2,2MASS J00242463-0158201,37.7,79,1.09
494,Arcturus,0037,1.1,26,2MASS J00250365+4759191AB,143,,
495,Vega,0025,2.2,2.7,2MASS J00274197+0503417,236,31,1.44
496,Capella,0043,2.6,12,2MASS J00275592+2219328,46.9,,
497,Rigel,0860,23,78.9,2MASSW J0030300-145033,87.2,54,0.98
498,Procyon,0011.4,1.5,1.9,2MASS J00332386-1521309 [de],131,29,1.43
499,Betelgeuse,0640[1],20,950,2MASS J00345157+0523050,31,42,0.94
500,Achernar,0144,6.7,9.3,2MASS 0036+1821,28.6,42,0.94
501,Hadar,0390,10.5,8.6,2MASSW J0045214+163445,57,23,1.62
502,Altair,0017,1.8,1.8,WISEP J004701.06+680352.1 [fr],40,12,1.3
503,Acrux,0320,18,8.9,2MASS J00501994-3322402 [de],34,40,0.94
504,Aldebaran,0065,1.5,44,2MASS J00034227-2822410,,,
505,Antares,0600,12,680,2MASS J00584253-0651239 [de],96,29,1.43
506,Spica,0260,11.43,7.47,CFBDS J005910.90–011401.3,30,23,
507,Pollux,0034,1.9,8.8,2MASSI J0103320+193536,70,52,0.98
508,Fomalhaut,0025,1.9,1.8,SDSSp J010752.33+004156.1 [de],51,52,0.98
509,Deneb,"2,600",19,203,2MASSI J0117474-340325 [de],163,20,1.62
510,Mimosa,0350,16,8.4,2MASS J01415823-4633574 [de],130,20,1.61
511,Regulus,0077,3.8,3.1,SDSS J015141.69+124429.6,70,47,0.97
512,Adhara,0430,12.5,14,DENIS-P J020529.0−115925A,65,,
513,Shaula,0700,14.5,8.8,DENIS-P J020529.0−115925B,65,,
514,Castor,0052,2.8,2.4,DENIS-P J020529.0−115925C,65,,
515,Gacrux,0088,1.5,84,SDSS J020742.48+000056.2 [de],111,47,0.97
516,Bellatrix,0240,8.6,5.8,2MASS J02103857-3015313,101,15,1.53
517,Elnath,0130,5.0,4.2,2MASS J02340093-6442068,155,20,1.62
518,Miaplacidus,0110,3.5,6.8,2MASS J02411151-0326587 [de],152,27,1.41
519,Alnilam,"2,000",32,42,2MASS J02431371−2453298,35,33,0.99
520,Gamma Velorum,"01,100",9.0,6,LP 771-21,53,78,1.08
521,Alnair,0101,4.0,3.4,2MASS J02511327+0047364,,,
522,Alioth,0081,2.9,4.2,Teegarden's star,12.578,80,1.27
523,Alnitak,01050,33,20,2MASS J02535980+3206373,184,65,1.9
524,Dubhe,0120,4.25,30,WISE J0254+0223,24,65,1.9
525,Mirfak,0590,8.5,68,DEN 0255-4700,16.2,80,0.97
526,Wezen,"1,600",17,200,2MASS J03185403-3421292 [de],45,49,0.97
527,Sargas,0270,5.7,26,2MASS J03205965+1854233,47,88,1.15
528,Kaus Australis,0140,3.5,6.8,2MASS J03231002-4631237,192,23,1.66
529,Avior,0630,9.0,130,SDSS J032553.17+042540.1,59,45,0.95
530,Alkaid,0104,6.1,3.4,2MASS J03264225-2102057 [de],80,18,1.3
531,Menkalinan,081,2.39,2.77,2MASS J03284265+2302051 [de],98,54,0.98
532,Atria,0390,7,92,2MASS J03341218-4953322,27.0,73,1.04
533,Alhena,0109,2.8,3.3,LP 944-20,20.9,73,1.43
534,Peacock,0180,5.9,4.8,2MASP J0345432+254023,88,74,1.05
535,Alsephina[2],0080,2.4,2.9,Teide 1,380,55,3.78
536,Mirzam,0500,13.5,10,2MASS J03510004-0052452,48,102,1.27
537,Polaris,0430,5.4,39,2MASS J03552337+1133437,29.8,20,1.32
538,Alphard,0180,3.0,50,DENIS-P J035726.9-441730 [de],130,,
539,Mintaka,01200,24,16.5,2MASS J04151954−0935066,18.6,30,0.95
540,Scheat,0196,2.1,95,SDSSp J042348.57-041403.5 [de],50,,
541,Almaaz,0653,15,140,2MASS J04285096-2253227 [de],85,80,1.09
542,Rasalgethi,0360,2.8,280,2MASS J04351612-1606574,34,100,1.26
543,Tau Ceti,011.9,0.783,0.893,2MASS J04362788-4114465,142,39,1.97
544,Delta Pavonis,019.92,0.991,1.22,2MASS J04390101-2353083 [de],29.5,48,0.97
545,Ran,010.48,0.82,0.74,2MASS J04414489+2301513,470,19,
546,V382 Carinae,"08,900",20,485,2MASS J04433764+0002040,82,22,1.78
547,Eta Carinae,"07,500",100,60–881,2MASS J04455387-3048204 [de],42,64,1.00
548,Delta Cephei,0887,4.5,44.5,2MASS J04510093-3402150 [de],69,1.04,72
549,Mu Cephei,"06,000",19.2,972,2MASS J05002100+0330501 [de],44,64,1.00
550,Titawin,044.25,1.27,1.48,2MASS J05012406-0010452 [de],64,21,1.38
551,Rho Cassiopeiae,"08,154",22,636-981,2MASS J05160945-0445499 [de],73,47,0.97
552,P Cygni,"05,545",30,76,2MASS J0523−1403,40,68,1.01
553,La Superba,"01,000",,129 - 342,2MASS 0532+8246,81,83,
554,VV Cephei,"04,900",18.2,"516 - 1,050",SDSS J053951.99-005902.0,41.62,61,1.01
555,61 Cygni,011.41,0.7,0.665,2MASS J05591914-1404488 [de],34,,
556,R Doradus,0178,0.7 - 1.0,298,LSR 0602+3910 [de],34.6,28,1.41
557,Polaris Australis,0281,1.59,3.74,2MASS J06085283-2753583,102,38,1.51
558,R Coronae Borealis,"04,566",0.85,85,WISEP J061135.13-041024.0A,69,65,
559,54 Piscium,036.1,0.76,0.94,WISEP J061135.13-041024.0B,69,53,
560,Mira,0300,1.2,370,2MASS J06244595-4521548 [de],39,56,0.99
561,RW Cephei,"014,000",13.9,"1,158",2MASS J06411840-4322329 [de],65,67,1.01
562,Lacaille 8760,012.87,0.6,0.51,DENIS-P J0652197-253450 [de],51,75,1.05
563,V838 Monocerotis,"019,896",?,380 - 750,2MASS J07003664+3157266 [de],40,,
564,HD 140283,0190,?,1.4,2MASS J07075327-4900503,60,72,1.03
565,II Pegasi,0130,0.8,3.4,UGPS J072227.51-054031.2,13.4,26,0.98
566,VY Canis Majoris,"03,900",17,"1,420",2MASSI J0727182+171001 [de],29.6,41,0.94
567,Pistol Star,"025,000",100,320,2MASS J07290002-3954043 [de],25.8,37,0.94
568,S Doradus,"0169,000",24,380,SDSS J074201.41+205520.5 [de],49,43,0.94
569,UY Scuti,"05,100",7–10,755,2MASS J0746425+200032 [fr],49.6,,
570,Barnard's Star,05.98,0.14,0.20,DENIS-P J0751164-253043 [de],55,71,1.03
571,Luhman 16,06.52,0.04,?,2MASS J07522390+1612157,60,2.01,68
572,Proxima Centauri,04.25,0.12,0.15,DENIS J081730.0-615520,16.1,44,0.94
573,KIC 8462852,"01,470",1.43,1.58,DENIS J082303.1−491201A,67,44,
574,R136a1,"0163,000",290,32,DENIS J082303.1−491201B,67,28,
575,Melnick 42,"0163,000",189,21.1,2MASS J08251968+2115521 [de],35,52,0.98
576,WR 102,"018,134",19,0.39,SDSSp J083008.12+482847.4 [de],43,48,0.99
577,VFTS 352,"0164,000",57.48,14.47,LHS 2021,55,88,1.15
578,YBP 1194,"02,772",1.01,0.99,SDSS J083048.80+012831.1 [de],77,46,0.96
579,Gliese 1214,047.5,0.16,0.21,2MASSI J0835425-081923 [de],23.53,62,1.00
580,NML Cygni,"05,251",50,"1,640 - 2,770",2MASSI J0847287-153237 [de],43,64,1.00
581,VB 10,018.72,0.075,0.10,2MASS J08533619-0329321,27.6,77,1.07
582,WOH G64,"0163,000",<20,"1,540 - 1,730",2MASSI J0859254-194926 [de],50,50,0.98
583,TRAPPIST-1,039.6,0.089,0.12,2MASSW J0920122+351742 [de],95,,
584,2MASS J0523-1403,040.3,0.07,0.086,2MASSI J0937347+293142,20.0,42,0.94
585,WISE 0855−0714,07.27,0.003,?,2MASS 0939−2448,17.4,32,0.95
586,Icarus,"014,400,000,000",33,?,2MASS J09490860-1545485 [de],59,49,0.96
587,star_names,distance,mass,radius,Star_name,Distance,Mass,Radius
588,Sun,0.000015813,1,1,SDSS J000013.54+255418.6 [de],46.1,48,0.99
589,Sirius,0008.6,2.1,1.71,2MASS J00040288-6410358,192,19,1.63
590,Canopus,0310,15,71,LHS 102BC,,,
591,Alpha Centauri,0004.4,1.1,1.2,2MASS J00242463-0158201,37.7,79,1.09
592,Arcturus,0037,1.1,26,2MASS J00250365+4759191AB,143,,
593,Vega,0025,2.2,2.7,2MASS J00274197+0503417,236,31,1.44
594,Capella,0043,2.6,12,2MASS J00275592+2219328,46.9,,
595,Rigel,0860,23,78.9,2MASSW J0030300-145033,87.2,54,0.98
596,Procyon,0011.4,1.5,1.9,2MASS J00332386-1521309 [de],131,29,1.43
597,Betelgeuse,0640[1],20,950,2MASS J00345157+0523050,31,42,0.94
598,Achernar,0144,6.7,9.3,2MASS 0036+1821,28.6,42,0.94
599,Hadar,0390,10.5,8.6,2MASSW J0045214+163445,57,23,1.62
600,Altair,0017,1.8,1.8,WISEP J004701.06+680352.1 [fr],40,12,1.3
601,Acrux,0320,18,8.9,2MASS J00501994-3322402 [de],34,40,0.94
602,Aldebaran,0065,1.5,44,2MASS J00034227-2822410,,,
603,Antares,0600,12,680,2MASS J00584253-0651239 [de],96,29,1.43
604,Spica,0260,11.43,7.47,CFBDS J005910.90–011401.3,30,23,
605,Pollux,0034,1.9,8.8,2MASSI J0103320+193536,70,52,0.98
606,Fomalhaut,0025,1.9,1.8,SDSSp J010752.33+004156.1 [de],51,52,0.98
607,Deneb,"2,600",19,203,2MASSI J0117474-340325 [de],163,20,1.62
608,Mimosa,0350,16,8.4,2MASS J01415823-4633574 [de],130,20,1.61
609,Regulus,0077,3.8,3.1,SDSS J015141.69+124429.6,70,47,0.97
610,Adhara,0430,12.5,14,DENIS-P J020529.0−115925A,65,,
611,Shaula,0700,14.5,8.8,DENIS-P J020529.0−115925B,65,,
612,Castor,0052,2.8,2.4,DENIS-P J020529.0−115925C,65,,
613,Gacrux,0088,1.5,84,SDSS J020742.48+000056.2 [de],111,47,0.97
614,Bellatrix,0240,8.6,5.8,2MASS J02103857-3015313,101,15,1.53
615,Elnath,0130,5.0,4.2,2MASS J02340093-6442068,155,20,1.62
616,Miaplacidus,0110,3.5,6.8,2MASS J02411151-0326587 [de],152,27,1.41
617,Alnilam,"2,000",32,42,2MASS J02431371−2453298,35,33,0.99
618,Gamma Velorum,"01,100",9.0,6,LP 771-21,53,78,1.08
619,Alnair,0101,4.0,3.4,2MASS J02511327+0047364,,,
620,Alioth,0081,2.9,4.2,Teegarden's star,12.578,80,1.27
621,Alnitak,01050,33,20,2MASS J02535980+3206373,184,65,1.9
622,Dubhe,0120,4.25,30,WISE J0254+0223,24,65,1.9
623,Mirfak,0590,8.5,68,DEN 0255-4700,16.2,80,0.97
624,Wezen,"1,600",17,200,2MASS J03185403-3421292 [de],45,49,0.97
625,Sargas,0270,5.7,26,2MASS J03205965+1854233,47,88,1.15
626,Kaus Australis,0140,3.5,6.8,2MASS J03231002-4631237,192,23,1.66
627,Avior,0630,9.0,130,SDSS J032553.17+042540.1,59,45,0.95
628,Alkaid,0104,6.1,3.4,2MASS J03264225-2102057 [de],80,18,1.3
629,Menkalinan,081,2.39,2.77,2MASS J03284265+2302051 [de],98,54,0.98
630,Atria,0390,7,92,2MASS J03341218-4953322,27.0,73,1.04
631,Alhena,0109,2.8,3.3,LP 944-20,20.9,73,1.43
632,Peacock,0180,5.9,4.8,2MASP J0345432+254023,88,74,1.05
633,Alsephina[2],0080,2.4,2.9,Teide 1,380,55,3.78
634,Mirzam,0500,13.5,10,2MASS J03510004-0052452,48,102,1.27
635,Polaris,0430,5.4,39,2MASS J03552337+1133437,29.8,20,1.32
636,Alphard,0180,3.0,50,DENIS-P J035726.9-441730 [de],130,,
637,Mintaka,01200,24,16.5,2MASS J04151954−0935066,18.6,30,0.95
638,Scheat,0196,2.1,95,SDSSp J042348.57-041403.5 [de],50,,
639,Almaaz,0653,15,140,2MASS J04285096-2253227 [de],85,80,1.09
640,Rasalgethi,0360,2.8,280,2MASS J04351612-1606574,34,100,1.26
641,Tau Ceti,011.9,0.783,0.893,2MASS J04362788-4114465,142,39,1.97
642,Delta Pavonis,019.92,0.991,1.22,2MASS J04390101-2353083 [de],29.5,48,0.97
643,Ran,010.48,0.82,0.74,2MASS J04414489+2301513,470,19,
644,V382 Carinae,"08,900",20,485,2MASS J04433764+0002040,82,22,1.78
645,Eta Carinae,"07,500",100,60–881,2MASS J04455387-3048204 [de],42,64,1.00
646,Delta Cephei,0887,4.5,44.5,2MASS J04510093-3402150 [de],69,1.04,72
647,Mu Cephei,"06,000",19.2,972,2MASS J05002100+0330501 [de],44,64,1.00
648,Titawin,044.25,1.27,1.48,2MASS J05012406-0010452 [de],64,21,1.38
649,Rho Cassiopeiae,"08,154",22,636-981,2MASS J05160945-0445499 [de],73,47,0.97
650,P Cygni,"05,545",30,76,2MASS J0523−1403,40,68,1.01
651,La Superba,"01,000",,129 - 342,2MASS 0532+8246,81,83,
652,VV Cephei,"04,900",18.2,"516 - 1,050",SDSS J053951.99-005902.0,41.62,61,1.01
653,61 Cygni,011.41,0.7,0.665,2MASS J05591914-1404488 [de],34,,
654,R Doradus,0178,0.7 - 1.0,298,LSR 0602+3910 [de],34.6,28,1.41
655,Polaris Australis,0281,1.59,3.74,2MASS J06085283-2753583,102,38,1.51
656,R Coronae Borealis,"04,566",0.85,85,WISEP J061135.13-041024.0A,69,65,
657,54 Piscium,036.1,0.76,0.94,WISEP J061135.13-041024.0B,69,53,
658,Mira,0300,1.2,370,2MASS J06244595-4521548 [de],39,56,0.99
659,RW Cephei,"014,000",13.9,"1,158",2MASS J06411840-4322329 [de],65,67,1.01
660,Lacaille 8760,012.87,0.6,0.51,DENIS-P J0652197-253450 [de],51,75,1.05
661,V838 Monocerotis,"019,896",?,380 - 750,2MASS J07003664+3157266 [de],40,,
662,HD 140283,0190,?,1.4,2MASS J07075327-4900503,60,72,1.03
663,II Pegasi,0130,0.8,3.4,UGPS J072227.51-054031.2,13.4,26,0.98
664,VY Canis Majoris,"03,900",17,"1,420",2MASSI J0727182+171001 [de],29.6,41,0.94
665,Pistol Star,"025,000",100,320,2MASS J07290002-3954043 [de],25.8,37,0.94
666,S Doradus,"0169,000",24,380,SDSS J074201.41+205520.5 [de],49,43,0.94
667,UY Scuti,"05,100",7–10,755,2MASS J0746425+200032 [fr],49.6,,
668,Barnard's Star,05.98,0.14,0.20,DENIS-P J0751164-253043 [de],55,71,1.03
669,Luhman 16,06.52,0.04,?,2MASS J07522390+1612157,60,2.01,68
670,Proxima Centauri,04.25,0.12,0.15,DENIS J081730.0-615520,16.1,44,0.94
671,KIC 8462852,"01,470",1.43,1.58,DENIS J082303.1−491201A,67,44,
672,R136a1,"0163,000",290,32,DENIS J082303.1−491201B,67,28,
673,Melnick 42,"0163,000",189,21.1,2MASS J08251968+2115521 [de],35,52,0.98
674,WR 102,"018,134",19,0.39,SDSSp J083008.12+482847.4 [de],43,48,0.99
675,VFTS 352,"0164,000",57.48,14.47,LHS 2021,55,88,1.15
676,YBP 1194,"02,772",1.01,0.99,SDSS J083048.80+012831.1 [de],77,46,0.96
677,Gliese 1214,047.5,0.16,0.21,2MASSI J0835425-081923 [de],23.53,62,1.00
678,NML Cygni,"05,251",50,"1,640 - 2,770",2MASSI J0847287-153237 [de],43,64,1.00
679,VB 10,018.72,0.075,0.10,2MASS J08533619-0329321,27.6,77,1.07
680,WOH G64,"0163,000",<20,"1,540 - 1,730",2MASSI J0859254-194926 [de],50,50,0.98
681,TRAPPIST-1,039.6,0.089,0.12,2MASSW J0920122+351742 [de],95,,
682,2MASS J0523-1403,040.3,0.07,0.086,2MASSI J0937347+293142,20.0,42,0.94
683,WISE 0855−0714,07.27,0.003,?,2MASS 0939−2448,17.4,32,0.95
684,Icarus,"014,400,000,000",33,?,2MASS J09490860-1545485 [de],59,49,0.96
685,star_names,distance,mass,radius,Star_name,Distance,Mass,Radius
686,Sun,0.000015813,1,1,SDSS J000013.54+255418.6 [de],46.1,48,0.99
687,Sirius,0008.6,2.1,1.71,2MASS J00040288-6410358,192,19,1.63
688,Canopus,0310,15,71,LHS 102BC,,,
689,Alpha Centauri,0004.4,1.1,1.2,2MASS J00242463-0158201,37.7,79,1.09
690,Arcturus,0037,1.1,26,2MASS J00250365+4759191AB,143,,
691,Vega,0025,2.2,2.7,2MASS J00274197+0503417,236,31,1.44
692,Capella,0043,2.6,12,2MASS J00275592+2219328,46.9,,
693,Rigel,0860,23,78.9,2MASSW J0030300-145033,87.2,54,0.98
694,Procyon,0011.4,1.5,1.9,2MASS J00332386-1521309 [de],131,29,1.43
695,Betelgeuse,0640[1],20,950,2MASS J00345157+0523050,31,42,0.94
696,Achernar,0144,6.7,9.3,2MASS 0036+1821,28.6,42,0.94
697,Hadar,0390,10.5,8.6,2MASSW J0045214+163445,57,23,1.62
698,Altair,0017,1.8,1.8,WISEP J004701.06+680352.1 [fr],40,12,1.3
699,Acrux,0320,18,8.9,2MASS J00501994-3322402 [de],34,40,0.94
700,Aldebaran,0065,1.5,44,2MASS J00034227-2822410,,,
701,Antares,0600,12,680,2MASS J00584253-0651239 [de],96,29,1.43
702,Spica,0260,11.43,7.47,CFBDS J005910.90–011401.3,30,23,
703,Pollux,0034,1.9,8.8,2MASSI J0103320+193536,70,52,0.98
704,Fomalhaut,0025,1.9,1.8,SDSSp J010752.33+004156.1 [de],51,52,0.98
705,Deneb,"2,600",19,203,2MASSI J0117474-340325 [de],163,20,1.62
706,Mimosa,0350,16,8.4,2MASS J01415823-4633574 [de],130,20,1.61
707,Regulus,0077,3.8,3.1,SDSS J015141.69+124429.6,70,47,0.97
708,Adhara,0430,12.5,14,DENIS-P J020529.0−115925A,65,,
709,Shaula,0700,14.5,8.8,DENIS-P J020529.0−115925B,65,,
710,Castor,0052,2.8,2.4,DENIS-P J020529.0−115925C,65,,
711,Gacrux,0088,1.5,84,SDSS J020742.48+000056.2 [de],111,47,0.97
712,Bellatrix,0240,8.6,5.8,2MASS J02103857-3015313,101,15,1.53
713,Elnath,0130,5.0,4.2,2MASS J02340093-6442068,155,20,1.62
714,Miaplacidus,0110,3.5,6.8,2MASS J02411151-0326587 [de],152,27,1.41
715,Alnilam,"2,000",32,42,2MASS J02431371−2453298,35,33,0.99
716,Gamma Velorum,"01,100",9.0,6,LP 771-21,53,78,1.08
717,Alnair,0101,4.0,3.4,2MASS J02511327+0047364,,,
718,Alioth,0081,2.9,4.2,Teegarden's star,12.578,80,1.27
719,Alnitak,01050,33,20,2MASS J02535980+3206373,184,65,1.9
720,Dubhe,0120,4.25,30,WISE J0254+0223,24,65,1.9
721,Mirfak,0590,8.5,68,DEN 0255-4700,16.2,80,0.97
722,Wezen,"1,600",17,200,2MASS J03185403-3421292 [de],45,49,0.97
723,Sargas,0270,5.7,26,2MASS J03205965+1854233,47,88,1.15
724,Kaus Australis,0140,3.5,6.8,2MASS J03231002-4631237,192,23,1.66
725,Avior,0630,9.0,130,SDSS J032553.17+042540.1,59,45,0.95
726,Alkaid,0104,6.1,3.4,2MASS J03264225-2102057 [de],80,18,1.3
727,Menkalinan,081,2.39,2.77,2MASS J03284265+2302051 [de],98,54,0.98
728,Atria,0390,7,92,2MASS J03341218-4953322,27.0,73,1.04
729,Alhena,0109,2.8,3.3,LP 944-20,20.9,73,1.43
730,Peacock,0180,5.9,4.8,2MASP J0345432+254023,88,74,1.05
731,Alsephina[2],0080,2.4,2.9,Teide 1,380,55,3.78
732,Mirzam,0500,13.5,10,2MASS J03510004-0052452,48,102,1.27
733,Polaris,0430,5.4,39,2MASS J03552337+1133437,29.8,20,1.32
734,Alphard,0180,3.0,50,DENIS-P J035726.9-441730 [de],130,,
735,Mintaka,01200,24,16.5,2MASS J04151954−0935066,18.6,30,0.95
736,Scheat,0196,2.1,95,SDSSp J042348.57-041403.5 [de],50,,
737,Almaaz,0653,15,140,2MASS J04285096-2253227 [de],85,80,1.09
738,Rasalgethi,0360,2.8,280,2MASS J04351612-1606574,34,100,1.26
739,Tau Ceti,011.9,0.783,0.893,2MASS J04362788-4114465,142,39,1.97
740,Delta Pavonis,019.92,0.991,1.22,2MASS J04390101-2353083 [de],29.5,48,0.97
741,Ran,010.48,0.82,0.74,2MASS J04414489+2301513,470,19,
742,V382 Carinae,"08,900",20,485,2MASS J04433764+0002040,82,22,1.78
743,Eta Carinae,"07,500",100,60–881,2MASS J04455387-3048204 [de],42,64,1.00
744,Delta Cephei,0887,4.5,44.5,2MASS J04510093-3402150 [de],69,1.04,72
745,Mu Cephei,"06,000",19.2,972,2MASS J05002100+0330501 [de],44,64,1.00
746,Titawin,044.25,1.27,1.48,2MASS J05012406-0010452 [de],64,21,1.38
747,Rho Cassiopeiae,"08,154",22,636-981,2MASS J05160945-0445499 [de],73,47,0.97
748,P Cygni,"05,545",30,76,2MASS J0523−1403,40,68,1.01
749,La Superba,"01,000",,129 - 342,2MASS 0532+8246,81,83,
750,VV Cephei,"04,900",18.2,"516 - 1,050",SDSS J053951.99-005902.0,41.62,61,1.01
751,61 Cygni,011.41,0.7,0.665,2MASS J05591914-1404488 [de],34,,
752,R Doradus,0178,0.7 - 1.0,298,LSR 0602+3910 [de],34.6,28,1.41
753,Polaris Australis,0281,1.59,3.74,2MASS J06085283-2753583,102,38,1.51
754,R Coronae Borealis,"04,566",0.85,85,WISEP J061135.13-041024.0A,69,65,
755,54 Piscium,036.1,0.76,0.94,WISEP J061135.13-041024.0B,69,53,
756,Mira,0300,1.2,370,2MASS J06244595-4521548 [de],39,56,0.99
757,RW Cephei,"014,000",13.9,"1,158",2MASS J06411840-4322329 [de],65,67,1.01
758,Lacaille 8760,012.87,0.6,0.51,DENIS-P J0652197-253450 [de],51,75,1.05
759,V838 Monocerotis,"019,896",?,380 - 750,2MASS J07003664+3157266 [de],40,,
760,HD 140283,0190,?,1.4,2MASS J07075327-4900503,60,72,1.03
761,II Pegasi,0130,0.8,3.4,UGPS J072227.51-054031.2,13.4,26,0.98
762,VY Canis Majoris,"03,900",17,"1,420",2MASSI J0727182+171001 [de],29.6,41,0.94
763,Pistol Star,"025,000",100,320,2MASS J07290002-3954043 [de],25.8,37,0.94
764,S Doradus,"0169,000",24,380,SDSS J074201.41+205520.5 [de],49,43,0.94
765,UY Scuti,"05,100",7–10,755,2MASS J0746425+200032 [fr],49.6,,
766,Barnard's Star,05.98,0.14,0.20,DENIS-P J0751164-253043 [de],55,71,1.03
767,Luhman 16,06.52,0.04,?,2MASS J07522390+1612157,60,2.01,68
768,Proxima Centauri,04.25,0.12,0.15,DENIS J081730.0-615520,16.1,44,0.94
769,KIC 8462852,"01,470",1.43,1.58,DENIS J082303.1−491201A,67,44,
770,R136a1,"0163,000",290,32,DENIS J082303.1−491201B,67,28,
771,Melnick 42,"0163,000",189,21.1,2MASS J08251968+2115521 [de],35,52,0.98
772,WR 102,"018,134",19,0.39,SDSSp J083008.12+482847.4 [de],43,48,0.99
773,VFTS 352,"0164,000",57.48,14.47,LHS 2021,55,88,1.15
774,YBP 1194,"02,772",1.01,0.99,SDSS J083048.80+012831.1 [de],77,46,0.96
775,Gliese 1214,047.5,0.16,0.21,2MASSI J0835425-081923 [de],23.53,62,1.00
776,NML Cygni,"05,251",50,"1,640 - 2,770",2MASSI J0847287-153237 [de],43,64,1.00
777,VB 10,018.72,0.075,0.10,2MASS J08533619-0329321,27.6,77,1.07
778,WOH G64,"0163,000",<20,"1,540 - 1,730",2MASSI J0859254-194926 [de],50,50,0.98
779,TRAPPIST-1,039.6,0.089,0.12,2MASSW J0920122+351742 [de],95,,
780,2MASS J0523-1403,040.3,0.07,0.086,2MASSI J0937347+293142,20.0,42,0.94
781,WISE 0855−0714,07.27,0.003,?,2MASS 0939−2448,17.4,32,0.95
782,Icarus,"014,400,000,000",33,?,2MASS J09490860-1545485 [de],59,49,0.96
783,star_names,distance,mass,radius,Star_name,Distance,Mass,Radius
784,Sun,0.000015813,1,1,SDSS J000013.54+255418.6 [de],46.1,48,0.99
785,Sirius,0008.6,2.1,1.71,2MASS J00040288-6410358,192,19,1.63
786,Canopus,0310,15,71,LHS 102BC,,,
787,Alpha Centauri,0004.4,1.1,1.2,2MASS J00242463-0158201,37.7,79,1.09
788,Arcturus,0037,1.1,26,2MASS J00250365+4759191AB,143,,
789,Vega,0025,2.2,2.7,2MASS J00274197+0503417,236,31,1.44
790,Capella,0043,2.6,12,2MASS J00275592+2219328,46.9,,
791,Rigel,0860,23,78.9,2MASSW J0030300-145033,87.2,54,0.98
792,Procyon,0011.4,1.5,1.9,2MASS J00332386-1521309 [de],131,29,1.43
793,Betelgeuse,0640[1],20,950,2MASS J00345157+0523050,31,42,0.94
794,Achernar,0144,6.7,9.3,2MASS 0036+1821,28.6,42,0.94
795,Hadar,0390,10.5,8.6,2MASSW J0045214+163445,57,23,1.62
796,Altair,0017,1.8,1.8,WISEP J004701.06+680352.1 [fr],40,12,1.3
797,Acrux,0320,18,8.9,2MASS J00501994-3322402 [de],34,40,0.94
798,Aldebaran,0065,1.5,44,2MASS J00034227-2822410,,,
799,Antares,0600,12,680,2MASS J00584253-0651239 [de],96,29,1.43
800,Spica,0260,11.43,7.47,CFBDS J005910.90–011401.3,30,23,
801,Pollux,0034,1.9,8.8,2MASSI J0103320+193536,70,52,0.98
802,Fomalhaut,0025,1.9,1.8,SDSSp J010752.33+004156.1 [de],51,52,0.98
803,Deneb,"2,600",19,203,2MASSI J0117474-340325 [de],163,20,1.62
804,Mimosa,0350,16,8.4,2MASS J01415823-4633574 [de],130,20,1.61
805,Regulus,0077,3.8,3.1,SDSS J015141.69+124429.6,70,47,0.97
806,Adhara,0430,12.5,14,DENIS-P J020529.0−115925A,65,,
807,Shaula,0700,14.5,8.8,DENIS-P J020529.0−115925B,65,,
808,Castor,0052,2.8,2.4,DENIS-P J020529.0−115925C,65,,
809,Gacrux,0088,1.5,84,SDSS J020742.48+000056.2 [de],111,47,0.97
810,Bellatrix,0240,8.6,5.8,2MASS J02103857-3015313,101,15,1.53
811,Elnath,0130,5.0,4.2,2MASS J02340093-6442068,155,20,1.62
812,Miaplacidus,0110,3.5,6.8,2MASS J02411151-0326587 [de],152,27,1.41
813,Alnilam,"2,000",32,42,2MASS J02431371−2453298,35,33,0.99
814,Gamma Velorum,"01,100",9.0,6,LP 771-21,53,78,1.08
815,Alnair,0101,4.0,3.4,2MASS J02511327+0047364,,,
816,Alioth,0081,2.9,4.2,Teegarden's star,12.578,80,1.27
817,Alnitak,01050,33,20,2MASS J02535980+3206373,184,65,1.9
818,Dubhe,0120,4.25,30,WISE J0254+0223,24,65,1.9
819,Mirfak,0590,8.5,68,DEN 0255-4700,16.2,80,0.97
820,Wezen,"1,600",17,200,2MASS J03185403-3421292 [de],45,49,0.97
821,Sargas,0270,5.7,26,2MASS J03205965+1854233,47,88,1.15
822,Kaus Australis,0140,3.5,6.8,2MASS J03231002-4631237,192,23,1.66
823,Avior,0630,9.0,130,SDSS J032553.17+042540.1,59,45,0.95
824,Alkaid,0104,6.1,3.4,2MASS J03264225-2102057 [de],80,18,1.3
825,Menkalinan,081,2.39,2.77,2MASS J03284265+2302051 [de],98,54,0.98
826,Atria,0390,7,92,2MASS J03341218-4953322,27.0,73,1.04
827,Alhena,0109,2.8,3.3,LP 944-20,20.9,73,1.43
828,Peacock,0180,5.9,4.8,2MASP J0345432+254023,88,74,1.05
829,Alsephina[2],0080,2.4,2.9,Teide 1,380,55,3.78
830,Mirzam,0500,13.5,10,2MASS J03510004-0052452,48,102,1.27
831,Polaris,0430,5.4,39,2MASS J03552337+1133437,29.8,20,1.32
832,Alphard,0180,3.0,50,DENIS-P J035726.9-441730 [de],130,,
833,Mintaka,01200,24,16.5,2MASS J04151954−0935066,18.6,30,0.95
834,Scheat,0196,2.1,95,SDSSp J042348.57-041403.5 [de],50,,
835,Almaaz,0653,15,140,2MASS J04285096-2253227 [de],85,80,1.09
836,Rasalgethi,0360,2.8,280,2MASS J04351612-1606574,34,100,1.26
837,Tau Ceti,011.9,0.783,0.893,2MASS J04362788-4114465,142,39,1.97
838,Delta Pavonis,019.92,0.991,1.22,2MASS J04390101-2353083 [de],29.5,48,0.97
839,Ran,010.48,0.82,0.74,2MASS J04414489+2301513,470,19,
840,V382 Carinae,"08,900",20,485,2MASS J04433764+0002040,82,22,1.78
841,Eta Carinae,"07,500",100,60–881,2MASS J04455387-3048204 [de],42,64,1.00
842,Delta Cephei,0887,4.5,44.5,2MASS J04510093-3402150 [de],69,1.04,72
843,Mu Cephei,"06,000",19.2,972,2MASS J05002100+0330501 [de],44,64,1.00
844,Titawin,044.25,1.27,1.48,2MASS J05012406-0010452 [de],64,21,1.38
845,Rho Cassiopeiae,"08,154",22,636-981,2MASS J05160945-0445499 [de],73,47,0.97
846,P Cygni,"05,545",30,76,2MASS J0523−1403,40,68,1.01
847,La Superba,"01,000",,129 - 342,2MASS 0532+8246,81,83,
848,VV Cephei,"04,900",18.2,"516 - 1,050",SDSS J053951.99-005902.0,41.62,61,1.01
849,61 Cygni,011.41,0.7,0.665,2MASS J05591914-1404488 [de],34,,
850,R Doradus,0178,0.7 - 1.0,298,LSR 0602+3910 [de],34.6,28,1.41
851,Polaris Australis,0281,1.59,3.74,2MASS J06085283-2753583,102,38,1.51
852,R Coronae Borealis,"04,566",0.85,85,WISEP J061135.13-041024.0A,69,65,
853,54 Piscium,036.1,0.76,0.94,WISEP J061135.13-041024.0B,69,53,
854,Mira,0300,1.2,370,2MASS J06244595-4521548 [de],39,56,0.99
855,RW Cephei,"014,000",13.9,"1,158",2MASS J06411840-4322329 [de],65,67,1.01
856,Lacaille 8760,012.87,0.6,0.51,DENIS-P J0652197-253450 [de],51,75,1.05
857,V838 Monocerotis,"019,896",?,380 - 750,2MASS J07003664+3157266 [de],40,,
858,HD 140283,0190,?,1.4,2MASS J07075327-4900503,60,72,1.03
859,II Pegasi,0130,0.8,3.4,UGPS J072227.51-054031.2,13.4,26,0.98
860,VY Canis Majoris,"03,900",17,"1,420",2MASSI J0727182+171001 [de],29.6,41,0.94
861,Pistol Star,"025,000",100,320,2MASS J07290002-3954043 [de],25.8,37,0.94
862,S Doradus,"0169,000",24,380,SDSS J074201.41+205520.5 [de],49,43,0.94
863,UY Scuti,"05,100",7–10,755,2MASS J0746425+200032 [fr],49.6,,
864,Barnard's Star,05.98,0.14,0.20,DENIS-P J0751164-253043 [de],55,71,1.03
865,Luhman 16,06.52,0.04,?,2MASS J07522390+1612157,60,2.01,68
866,Proxima Centauri,04.25,0.12,0.15,DENIS J081730.0-615520,16.1,44,0.94
867,KIC 8462852,"01,470",1.43,1.58,DENIS J082303.1−491201A,67,44,
868,R136a1,"0163,000",290,32,DENIS J082303.1−491201B,67,28,
869,Melnick 42,"0163,000",189,21.1,2MASS J08251968+2115521 [de],35,52,0.98
870,WR 102,"018,134",19,0.39,SDSSp J083008.12+482847.4 [de],43,48,0.99
871,VFTS 352,"0164,000",57.48,14.47,LHS 2021,55,88,1.15
872,YBP 1194,"02,772",1.01,0.99,SDSS J083048.80+012831.1 [de],77,46,0.96
873,Gliese 1214,047.5,0.16,0.21,2MASSI J0835425-081923 [de],23.53,62,1.00
874,NML Cygni,"05,251",50,"1,640 - 2,770",2MASSI J0847287-153237 [de],43,64,1.00
875,VB 10,018.72,0.075,0.10,2MASS J08533619-0329321,27.6,77,1.07
876,WOH G64,"0163,000",<20,"1,540 - 1,730",2MASSI J0859254-194926 [de],50,50,0.98
877,TRAPPIST-1,039.6,0.089,0.12,2MASSW J0920122+351742 [de],95,,
878,2MASS J0523-1403,040.3,0.07,0.086,2MASSI J0937347+293142,20.0,42,0.94
879,WISE 0855−0714,07.27,0.003,?,2MASS 0939−2448,17.4,32,0.95
880,Icarus,"014,400,000,000",33,?,2MASS J09490860-1545485 [de],59,49,0.96
881,star_names,distance,mass,radius,Star_name,Distance,Mass,Radius
882,Sun,0.000015813,1,1,SDSS J000013.54+255418.6 [de],46.1,48,0.99
883,Sirius,0008.6,2.1,1.71,2MASS J00040288-6410358,192,19,1.63
884,Canopus,0310,15,71,LHS 102BC,,,
885,Alpha Centauri,0004.4,1.1,1.2,2MASS J00242463-0158201,37.7,79,1.09
886,Arcturus,0037,1.1,26,2MASS J00250365+4759191AB,143,,
887,Vega,0025,2.2,2.7,2MASS J00274197+0503417,236,31,1.44
888,Capella,0043,2.6,12,2MASS J00275592+2219328,46.9,,
889,Rigel,0860,23,78.9,2MASSW J0030300-145033,87.2,54,0.98
890,Procyon,0011.4,1.5,1.9,2MASS J00332386-1521309 [de],131,29,1.43
891,Betelgeuse,0640[1],20,950,2MASS J00345157+0523050,31,42,0.94
892,Achernar,0144,6.7,9.3,2MASS 0036+1821,28.6,42,0.94
893,Hadar,0390,10.5,8.6,2MASSW J0045214+163445,57,23,1.62
894,Altair,0017,1.8,1.8,WISEP J004701.06+680352.1 [fr],40,12,1.3
895,Acrux,0320,18,8.9,2MASS J00501994-3322402 [de],34,40,0.94
896,Aldebaran,0065,1.5,44,2MASS J00034227-2822410,,,
897,Antares,0600,12,680,2MASS J00584253-0651239 [de],96,29,1.43
898,Spica,0260,11.43,7.47,CFBDS J005910.90–011401.3,30,23,
899,Pollux,0034,1.9,8.8,2MASSI J0103320+193536,70,52,0.98
900,Fomalhaut,0025,1.9,1.8,SDSSp J010752.33+004156.1 [de],51,52,0.98
901,Deneb,"2,600",19,203,2MASSI J0117474-340325 [de],163,20,1.62
902,Mimosa,0350,16,8.4,2MASS J01415823-4633574 [de],130,20,1.61
903,Regulus,0077,3.8,3.1,SDSS J015141.69+124429.6,70,47,0.97
904,Adhara,0430,12.5,14,DENIS-P J020529.0−115925A,65,,
905,Shaula,0700,14.5,8.8,DENIS-P J020529.0−115925B,65,,
906,Castor,0052,2.8,2.4,DENIS-P J020529.0−115925C,65,,
907,Gacrux,0088,1.5,84,SDSS J020742.48+000056.2 [de],111,47,0.97
908,Bellatrix,0240,8.6,5.8,2MASS J02103857-3015313,101,15,1.53
909,Elnath,0130,5.0,4.2,2MASS J02340093-6442068,155,20,1.62
910,Miaplacidus,0110,3.5,6.8,2MASS J02411151-0326587 [de],152,27,1.41
911,Alnilam,"2,000",32,42,2MASS J02431371−2453298,35,33,0.99
912,Gamma Velorum,"01,100",9.0,6,LP 771-21,53,78,1.08
913,Alnair,0101,4.0,3.4,2MASS J02511327+0047364,,,
914,Alioth,0081,2.9,4.2,Teegarden's star,12.578,80,1.27
915,Alnitak,01050,33,20,2MASS J02535980+3206373,184,65,1.9
916,Dubhe,0120,4.25,30,WISE J0254+0223,24,65,1.9
917,Mirfak,0590,8.5,68,DEN 0255-4700,16.2,80,0.97
918,Wezen,"1,600",17,200,2MASS J03185403-3421292 [de],45,49,0.97
919,Sargas,0270,5.7,26,2MASS J03205965+1854233,47,88,1.15
920,Kaus Australis,0140,3.5,6.8,2MASS J03231002-4631237,192,23,1.66
921,Avior,0630,9.0,130,SDSS J032553.17+042540.1,59,45,0.95
922,Alkaid,0104,6.1,3.4,2MASS J03264225-2102057 [de],80,18,1.3
923,Menkalinan,081,2.39,2.77,2MASS J03284265+2302051 [de],98,54,0.98
924,Atria,0390,7,92,2MASS J03341218-4953322,27.0,73,1.04
925,Alhena,0109,2.8,3.3,LP 944-20,20.9,73,1.43
926,Peacock,0180,5.9,4.8,2MASP J0345432+254023,88,74,1.05
927,Alsephina[2],0080,2.4,2.9,Teide 1,380,55,3.78
928,Mirzam,0500,13.5,10,2MASS J03510004-0052452,48,102,1.27
929,Polaris,0430,5.4,39,2MASS J03552337+1133437,29.8,20,1.32
930,Alphard,0180,3.0,50,DENIS-P J035726.9-441730 [de],130,,
931,Mintaka,01200,24,16.5,2MASS J04151954−0935066,18.6,30,0.95
932,Scheat,0196,2.1,95,SDSSp J042348.57-041403.5 [de],50,,
933,Almaaz,0653,15,140,2MASS J04285096-2253227 [de],85,80,1.09
934,Rasalgethi,0360,2.8,280,2MASS J04351612-1606574,34,100,1.26
935,Tau Ceti,011.9,0.783,0.893,2MASS J04362788-4114465,142,39,1.97
936,Delta Pavonis,019.92,0.991,1.22,2MASS J04390101-2353083 [de],29.5,48,0.97
937,Ran,010.48,0.82,0.74,2MASS J04414489+2301513,470,19,
938,V382 Carinae,"08,900",20,485,2MASS J04433764+0002040,82,22,1.78
939,Eta Carinae,"07,500",100,60–881,2MASS J04455387-3048204 [de],42,64,1.00
940,Delta Cephei,0887,4.5,44.5,2MASS J04510093-3402150 [de],69,1.04,72
941,Mu Cephei,"06,000",19.2,972,2MASS J05002100+0330501 [de],44,64,1.00
942,Titawin,044.25,1.27,1.48,2MASS J05012406-0010452 [de],64,21,1.38
943,Rho Cassiopeiae,"08,154",22,636-981,2MASS J05160945-0445499 [de],73,47,0.97
944,P Cygni,"05,545",30,76,2MASS J0523−1403,40,68,1.01
945,La Superba,"01,000",,129 - 342,2MASS 0532+8246,81,83,
946,VV Cephei,"04,900",18.2,"516 - 1,050",SDSS J053951.99-005902.0,41.62,61,1.01
947,61 Cygni,011.41,0.7,0.665,2MASS J05591914-1404488 [de],34,,
948,R Doradus,0178,0.7 - 1.0,298,LSR 0602+3910 [de],34.6,28,1.41
949,Polaris Australis,0281,1.59,3.74,2MASS J06085283-2753583,102,38,1.51
950,R Coronae Borealis,"04,566",0.85,85,WISEP J061135.13-041024.0A,69,65,
951,54 Piscium,036.1,0.76,0.94,WISEP J061135.13-041024.0B,69,53,
952,Mira,0300,1.2,370,2MASS J06244595-4521548 [de],39,56,0.99
953,RW Cephei,"014,000",13.9,"1,158",2MASS J06411840-4322329 [de],65,67,1.01
954,Lacaille 8760,012.87,0.6,0.51,DENIS-P J0652197-253450 [de],51,75,1.05
955,V838 Monocerotis,"019,896",?,380 - 750,2MASS J07003664+3157266 [de],40,,
956,HD 140283,0190,?,1.4,2MASS J07075327-4900503,60,72,1.03
957,II Pegasi,0130,0.8,3.4,UGPS J072227.51-054031.2,13.4,26,0.98
958,VY Canis Majoris,"03,900",17,"1,420",2MASSI J0727182+171001 [de],29.6,41,0.94
959,Pistol Star,"025,000",100,320,2MASS J07290002-3954043 [de],25.8,37,0.94
960,S Doradus,"0169,000",24,380,SDSS J074201.41+205520.5 [de],49,43,0.94
961,UY Scuti,"05,100",7–10,755,2MASS J0746425+200032 [fr],49.6,,
962,Barnard's Star,05.98,0.14,0.20,DENIS-P J0751164-253043 [de],55,71,1.03
963,Luhman 16,06.52,0.04,?,2MASS J07522390+1612157,60,2.01,68
964,Proxima Centauri,04.25,0.12,0.15,DENIS J081730.0-615520,16.1,44,0.94
965,KIC 8462852,"01,470",1.43,1.58,DENIS J082303.1−491201A,67,44,
966,R136a1,"0163,000",290,32,DENIS J082303.1−491201B,67,28,
967,Melnick 42,"0163,000",189,21.1,2MASS J08251968+2115521 [de],35,52,0.98
968,WR 102,"018,134",19,0.39,SDSSp J083008.12+482847.4 [de],43,48,0.99
969,VFTS 352,"0164,000",57.48,14.47,LHS 2021,55,88,1.15
970,YBP 1194,"02,772",1.01,0.99,SDSS J083048.80+012831.1 [de],77,46,0.96
971,Gliese 1214,047.5,0.16,0.21,2MASSI J0835425-081923 [de],23.53,62,1.00
972,NML Cygni,"05,251",50,"1,640 - 2,770",2MASSI J0847287-153237 [de],43,64,1.00
973,VB 10,018.72,0.075,0.10,2MASS J08533619-0329321,27.6,77,1.07
974,WOH G64,"0163,000",<20,"1,540 - 1,730",2MASSI J0859254-194926 [de],50,50,0.98
975,TRAPPIST-1,039.6,0.089,0.12,2MASSW J0920122+351742 [de],95,,
976,2MASS J0523-1403,040.3,0.07,0.086,2MASSI J0937347+293142,20.0,42,0.94
977,WISE 0855−0714,07.27,0.003,?,2MASS 0939−2448,17.4,32,0.95
978,Icarus,"014,400,000,000",33,?,2MASS J09490860-1545485 [de],59,49,0.96
979,star_names,distance,mass,radius,Star_name,Distance,Mass,Radius
980,Sun,0.000015813,1,1,SDSS J000013.54+255418.6 [de],46.1,48,0.99
981,Sirius,0008.6,2.1,1.71,2MASS J00040288-6410358,192,19,1.63
982,Canopus,0310,15,71,LHS 102BC,,,
983,Alpha Centauri,0004.4,1.1,1.2,2MASS J00242463-0158201,37.7,79,1.09
984,Arcturus,0037,1.1,26,2MASS J00250365+4759191AB,143,,
985,Vega,0025,2.2,2.7,2MASS J00274197+0503417,236,31,1.44
986,Capella,0043,2.6,12,2MASS J00275592+2219328,46.9,,
987,Rigel,0860,23,78.9,2MASSW J0030300-145033,87.2,54,0.98
988,Procyon,0011.4,1.5,1.9,2MASS J00332386-1521309 [de],131,29,1.43
989,Betelgeuse,0640[1],20,950,2MASS J00345157+0523050,31,42,0.94
990,Achernar,0144,6.7,9.3,2MASS 0036+1821,28.6,42,0.94
991,Hadar,0390,10.5,8.6,2MASSW J0045214+163445,57,23,1.62
992,Altair,0017,1.8,1.8,WISEP J004701.06+680352.1 [fr],40,12,1.3
993,Acrux,0320,18,8.9,2MASS J00501994-3322402 [de],34,40,0.94
994,Aldebaran,0065,1.5,44,2MASS J00034227-2822410,,,
995,Antares,0600,12,680,2MASS J00584253-0651239 [de],96,29,1.43
996,Spica,0260,11.43,7.47,CFBDS J005910.90–011401.3,30,23,
997,Pollux,0034,1.9,8.8,2MASSI J0103320+193536,70,52,0.98
998,Fomalhaut,0025,1.9,1.8,SDSSp J010752.33+004156.1 [de],51,52,0.98
999,Deneb,"2,600",19,203,2MASSI J0117474-340325 [de],163,20,1.62
1000,Mimosa,0350,16,8.4,2MASS J01415823-4633574 [de],130,20,1.61
1001,Regulus,0077,3.8,3.1,SDSS J015141.69+124429.6,70,47,0.97
1002,Adhara,0430,12.5,14,DENIS-P J020529.0−115925A,65,,
1003,Shaula,0700,14.5,8.8,DENIS-P J020529.0−115925B,65,,
1004,Castor,0052,2.8,2.4,DENIS-P J020529.0−115925C,65,,
1005,Gacrux,0088,1.5,84,SDSS J020742.48+000056.2 [de],111,47,0.97
1006,Bellatrix,0240,8.6,5.8,2MASS J02103857-3015313,101,15,1.53
1007,Elnath,0130,5.0,4.2,2MASS J02340093-6442068,155,20,1.62
1008,Miaplacidus,0110,3.5,6.8,2MASS J02411151-0326587 [de],152,27,1.41
1009,Alnilam,"2,000",32,42,2MASS J02431371−2453298,35,33,0.99
1010,Gamma Velorum,"01,100",9.0,6,LP 771-21,53,78,1.08
1011,Alnair,0101,4.0,3.4,2MASS J02511327+0047364,,,
1012,Alioth,0081,2.9,4.2,Teegarden's star,12.578,80,1.27
1013,Alnitak,01050,33,20,2MASS J02535980+3206373,184,65,1.9
1014,Dubhe,0120,4.25,30,WISE J0254+0223,24,65,1.9
1015,Mirfak,0590,8.5,68,DEN 0255-4700,16.2,80,0.97
1016,Wezen,"1,600",17,200,2MASS J03185403-3421292 [de],45,49,0.97
1017,Sargas,0270,5.7,26,2MASS J03205965+1854233,47,88,1.15
1018,Kaus Australis,0140,3.5,6.8,2MASS J03231002-4631237,192,23,1.66
1019,Avior,0630,9.0,130,SDSS J032553.17+042540.1,59,45,0.95
1020,Alkaid,0104,6.1,3.4,2MASS J03264225-2102057 [de],80,18,1.3
1021,Menkalinan,081,2.39,2.77,2MASS J03284265+2302051 [de],98,54,0.98
1022,Atria,0390,7,92,2MASS J03341218-4953322,27.0,73,1.04
1023,Alhena,0109,2.8,3.3,LP 944-20,20.9,73,1.43
1024,Peacock,0180,5.9,4.8,2MASP J0345432+254023,88,74,1.05
1025,Alsephina[2],0080,2.4,2.9,Teide 1,380,55,3.78
1026,Mirzam,0500,13.5,10,2MASS J03510004-0052452,48,102,1.27
1027,Polaris,0430,5.4,39,2MASS J03552337+1133437,29.8,20,1.32
1028,Alphard,0180,3.0,50,DENIS-P J035726.9-441730 [de],130,,
1029,Mintaka,01200,24,16.5,2MASS J04151954−0935066,18.6,30,0.95
1030,Scheat,0196,2.1,95,SDSSp J042348.57-041403.5 [de],50,,
1031,Almaaz,0653,15,140,2MASS J04285096-2253227 [de],85,80,1.09
1032,Rasalgethi,0360,2.8,280,2MASS J04351612-1606574,34,100,1.26
1033,Tau Ceti,011.9,0.783,0.893,2MASS J04362788-4114465,142,39,1.97
1034,Delta Pavonis,019.92,0.991,1.22,2MASS J04390101-2353083 [de],29.5,48,0.97
1035,Ran,010.48,0.82,0.74,2MASS J04414489+2301513,470,19,
1036,V382 Carinae,"08,900",20,485,2MASS J04433764+0002040,82,22,1.78
1037,Eta Carinae,"07,500",100,60–881,2MASS J04455387-3048204 [de],42,64,1.00
1038,Delta Cephei,0887,4.5,44.5,2MASS J04510093-3402150 [de],69,1.04,72
1039,Mu Cephei,"06,000",19.2,972,2MASS J05002100+0330501 [de],44,64,1.00
1040,Titawin,044.25,1.27,1.48,2MASS J05012406-0010452 [de],64,21,1.38
1041,Rho Cassiopeiae,"08,154",22,636-981,2MASS J05160945-0445499 [de],73,47,0.97
1042,P Cygni,"05,545",30,76,2MASS J0523−1403,40,68,1.01
1043,La Superba,"01,000",,129 - 342,2MASS 0532+8246,81,83,
1044,VV Cephei,"04,900",18.2,"516 - 1,050",SDSS J053951.99-005902.0,41.62,61,1.01
1045,61 Cygni,011.41,0.7,0.665,2MASS J05591914-1404488 [de],34,,
1046,R Doradus,0178,0.7 - 1.0,298,LSR 0602+3910 [de],34.6,28,1.41
1047,Polaris Australis,0281,1.59,3.74,2MASS J06085283-2753583,102,38,1.51
1048,R Coronae Borealis,"04,566",0.85,85,WISEP J061135.13-041024.0A,69,65,
1049,54 Piscium,036.1,0.76,0.94,WISEP J061135.13-041024.0B,69,53,
1050,Mira,0300,1.2,370,2MASS J06244595-4521548 [de],39,56,0.99
1051,RW Cephei,"014,000",13.9,"1,158",2MASS J06411840-4322329 [de],65,67,1.01
1052,Lacaille 8760,012.87,0.6,0.51,DENIS-P J0652197-253450 [de],51,75,1.05
1053,V838 Monocerotis,"019,896",?,380 - 750,2MASS J07003664+3157266 [de],40,,
1054,HD 140283,0190,?,1.4,2MASS J07075327-4900503,60,72,1.03
1055,II Pegasi,0130,0.8,3.4,UGPS J072227.51-054031.2,13.4,26,0.98
1056,VY Canis Majoris,"03,900",17,"1,420",2MASSI J0727182+171001 [de],29.6,41,0.94
1057,Pistol Star,"025,000",100,320,2MASS J07290002-3954043 [de],25.8,37,0.94
1058,S Doradus,"0169,000",24,380,SDSS J074201.41+205520.5 [de],49,43,0.94
1059,UY Scuti,"05,100",7–10,755,2MASS J0746425+200032 [fr],49.6,,
1060,Barnard's Star,05.98,0.14,0.20,DENIS-P J0751164-253043 [de],55,71,1.03
1061,Luhman 16,06.52,0.04,?,2MASS J07522390+1612157,60,2.01,68
1062,Proxima Centauri,04.25,0.12,0.15,DENIS J081730.0-615520,16.1,44,0.94
1063,KIC 8462852,"01,470",1.43,1.58,DENIS J082303.1−491201A,67,44,
1064,R136a1,"0163,000",290,32,DENIS J082303.1−491201B,67,28,
1065,Melnick 42,"0163,000",189,21.1,2MASS J08251968+2115521 [de],35,52,0.98
1066,WR 102,"018,134",19,0.39,SDSSp J083008.12+482847.4 [de],43,48,0.99
1067,VFTS 352,"0164,000",57.48,14.47,LHS 2021,55,88,1.15
1068,YBP 1194,"02,772",1.01,0.99,SDSS J083048.80+012831.1 [de],77,46,0.96
1069,Gliese 1214,047.5,0.16,0.21,2MASSI J0835425-081923 [de],23.53,62,1.00
1070,NML Cygni,"05,251",50,"1,640 - 2,770",2MASSI J0847287-153237 [de],43,64,1.00
1071,VB 10,018.72,0.075,0.10,2MASS J08533619-0329321,27.6,77,1.07
1072,WOH G64,"0163,000",<20,"1,540 - 1,730",2MASSI J0859254-194926 [de],50,50,0.98
1073,TRAPPIST-1,039.6,0.089,0.12,2MASSW J0920122+351742 [de],95,,
1074,2MASS J0523-1403,040.3,0.07,0.086,2MASSI J0937347+293142,20.0,42,0.94
1075,WISE 0855−0714,07.27,0.003,?,2MASS 0939−2448,17.4,32,0.95
1076,Icarus,"014,400,000,000",33,?,2MASS J09490860-1545485 [de],59,49,0.96
1077,star_names,distance,mass,radius,Star_name,Distance,Mass,Radius
1078,Sun,0.000015813,1,1,SDSS J000013.54+255418.6 [de],46.1,48,0.99
1079,Sirius,0008.6,2.1,1.71,2MASS J00040288-6410358,192,19,1.63
1080,Canopus,0310,15,71,LHS 102BC,,,
1081,Alpha Centauri,0004.4,1.1,1.2,2MASS J00242463-0158201,37.7,79,1.09
1082,Arcturus,0037,1.1,26,2MASS J00250365+4759191AB,143,,
1083,Vega,0025,2.2,2.7,2MASS J00274197+0503417,236,31,1.44
1084,Capella,0043,2.6,12,2MASS J00275592+2219328,46.9,,
1085,Rigel,0860,23,78.9,2MASSW J0030300-145033,87.2,54,0.98
1086,Procyon,0011.4,1.5,1.9,2MASS J00332386-1521309 [de],131,29,1.43
1087,Betelgeuse,0640[1],20,950,2MASS J00345157+0523050,31,42,0.94
1088,Achernar,0144,6.7,9.3,2MASS 0036+1821,28.6,42,0.94
1089,Hadar,0390,10.5,8.6,2MASSW J0045214+163445,57,23,1.62
1090,Altair,0017,1.8,1.8,WISEP J004701.06+680352.1 [fr],40,12,1.3
1091,Acrux,0320,18,8.9,2MASS J00501994-3322402 [de],34,40,0.94
1092,Aldebaran,0065,1.5,44,2MASS J00034227-2822410,,,
1093,Antares,0600,12,680,2MASS J00584253-0651239 [de],96,29,1.43
1094,Spica,0260,11.43,7.47,CFBDS J005910.90–011401.3,30,23,
1095,Pollux,0034,1.9,8.8,2MASSI J0103320+193536,70,52,0.98
1096,Fomalhaut,0025,1.9,1.8,SDSSp J010752.33+004156.1 [de],51,52,0.98
1097,Deneb,"2,600",19,203,2MASSI J0117474-340325 [de],163,20,1.62
1098,Mimosa,0350,16,8.4,2MASS J01415823-4633574 [de],130,20,1.61
1099,Regulus,0077,3.8,3.1,SDSS J015141.69+124429.6,70,47,0.97
1100,Adhara,0430,12.5,14,DENIS-P J020529.0−115925A,65,,
1101,Shaula,0700,14.5,8.8,DENIS-P J020529.0−115925B,65,,
1102,Castor,0052,2.8,2.4,DENIS-P J020529.0−115925C,65,,
1103,Gacrux,0088,1.5,84,SDSS J020742.48+000056.2 [de],111,47,0.97
1104,Bellatrix,0240,8.6,5.8,2MASS J02103857-3015313,101,15,1.53
1105,Elnath,0130,5.0,4.2,2MASS J02340093-6442068,155,20,1.62
1106,Miaplacidus,0110,3.5,6.8,2MASS J02411151-0326587 [de],152,27,1.41
1107,Alnilam,"2,000",32,42,2MASS J02431371−2453298,35,33,0.99
1108,Gamma Velorum,"01,100",9.0,6,LP 771-21,53,78,1.08
1109,Alnair,0101,4.0,3.4,2MASS J02511327+0047364,,,
1110,Alioth,0081,2.9,4.2,Teegarden's star,12.578,80,1.27
1111,Alnitak,01050,33,20,2MASS J02535980+3206373,184,65,1.9
1112,Dubhe,0120,4.25,30,WISE J0254+0223,24,65,1.9
1113,Mirfak,0590,8.5,68,DEN 0255-4700,16.2,80,0.97
1114,Wezen,"1,600",17,200,2MASS J03185403-3421292 [de],45,49,0.97
1115,Sargas,0270,5.7,26,2MASS J03205965+1854233,47,88,1.15
1116,Kaus Australis,0140,3.5,6.8,2MASS J03231002-4631237,192,23,1.66
1117,Avior,0630,9.0,130,SDSS J032553.17+042540.1,59,45,0.95
1118,Alkaid,0104,6.1,3.4,2MASS J03264225-2102057 [de],80,18,1.3
1119,Menkalinan,081,2.39,2.77,2MASS J03284265+2302051 [de],98,54,0.98
1120,Atria,0390,7,92,2MASS J03341218-4953322,27.0,73,1.04
1121,Alhena,0109,2.8,3.3,LP 944-20,20.9,73,1.43
1122,Peacock,0180,5.9,4.8,2MASP J0345432+254023,88,74,1.05
1123,Alsephina[2],0080,2.4,2.9,Teide 1,380,55,3.78
1124,Mirzam,0500,13.5,10,2MASS J03510004-0052452,48,102,1.27
1125,Polaris,0430,5.4,39,2MASS J03552337+1133437,29.8,20,1.32
1126,Alphard,0180,3.0,50,DENIS-P J035726.9-441730 [de],130,,
1127,Mintaka,01200,24,16.5,2MASS J04151954−0935066,18.6,30,0.95
1128,Scheat,0196,2.1,95,SDSSp J042348.57-041403.5 [de],50,,
1129,Almaaz,0653,15,140,2MASS J04285096-2253227 [de],85,80,1.09
1130,Rasalgethi,0360,2.8,280,2MASS J04351612-1606574,34,100,1.26
1131,Tau Ceti,011.9,0.783,0.893,2MASS J04362788-4114465,142,39,1.97
1132,Delta Pavonis,019.92,0.991,1.22,2MASS J04390101-2353083 [de],29.5,48,0.97
1133,Ran,010.48,0.82,0.74,2MASS J04414489+2301513,470,19,
1134,V382 Carinae,"08,900",20,485,2MASS J04433764+0002040,82,22,1.78
1135,Eta Carinae,"07,500",100,60–881,2MASS J04455387-3048204 [de],42,64,1.00
1136,Delta Cephei,0887,4.5,44.5,2MASS J04510093-3402150 [de],69,1.04,72
1137,Mu Cephei,"06,000",19.2,972,2MASS J05002100+0330501 [de],44,64,1.00
1138,Titawin,044.25,1.27,1.48,2MASS J05012406-0010452 [de],64,21,1.38
1139,Rho Cassiopeiae,"08,154",22,636-981,2MASS J05160945-0445499 [de],73,47,0.97
1140,P Cygni,"05,545",30,76,2MASS J0523−1403,40,68,1.01
1141,La Superba,"01,000",,129 - 342,2MASS 0532+8246,81,83,
1142,VV Cephei,"04,900",18.2,"516 - 1,050",SDSS J053951.99-005902.0,41.62,61,1.01
1143,61 Cygni,011.41,0.7,0.665,2MASS J05591914-1404488 [de],34,,
1144,R Doradus,0178,0.7 - 1.0,298,LSR 0602+3910 [de],34.6,28,1.41
1145,Polaris Australis,0281,1.59,3.74,2MASS J06085283-2753583,102,38,1.51
1146,R Coronae Borealis,"04,566",0.85,85,WISEP J061135.13-041024.0A,69,65,
1147,54 Piscium,036.1,0.76,0.94,WISEP J061135.13-041024.0B,69,53,
1148,Mira,0300,1.2,370,2MASS J06244595-4521548 [de],39,56,0.99
1149,RW Cephei,"014,000",13.9,"1,158",2MASS J06411840-4322329 [de],65,67,1.01
1150,Lacaille 8760,012.87,0.6,0.51,DENIS-P J0652197-253450 [de],51,75,1.05
1151,V838 Monocerotis,"019,896",?,380 - 750,2MASS J07003664+3157266 [de],40,,
1152,HD 140283,0190,?,1.4,2MASS J07075327-4900503,60,72,1.03
1153,II Pegasi,0130,0.8,3.4,UGPS J072227.51-054031.2,13.4,26,0.98
1154,VY Canis Majoris,"03,900",17,"1,420",2MASSI J0727182+171001 [de],29.6,41,0.94
1155,Pistol Star,"025,000",100,320,2MASS J07290002-3954043 [de],25.8,37,0.94
1156,S Doradus,"0169,000",24,380,SDSS J074201.41+205520.5 [de],49,43,0.94
1157,UY Scuti,"05,100",7–10,755,2MASS J0746425+200032 [fr],49.6,,
1158,Barnard's Star,05.98,0.14,0.20,DENIS-P J0751164-253043 [de],55,71,1.03
1159,Luhman 16,06.52,0.04,?,2MASS J07522390+1612157,60,2.01,68
1160,Proxima Centauri,04.25,0.12,0.15,DENIS J081730.0-615520,16.1,44,0.94
1161,KIC 8462852,"01,470",1.43,1.58,DENIS J082303.1−491201A,67,44,
1162,R136a1,"0163,000",290,32,DENIS J082303.1−491201B,67,28,
1163,Melnick 42,"0163,000",189,21.1,2MASS J08251968+2115521 [de],35,52,0.98
1164,WR 102,"018,134",19,0.39,SDSSp J083008.12+482847.4 [de],43,48,0.99
1165,VFTS 352,"0164,000",57.48,14.47,LHS 2021,55,88,1.15
1166,YBP 1194,"02,772",1.01,0.99,SDSS J083048.80+012831.1 [de],77,46,0.96
1167,Gliese 1214,047.5,0.16,0.21,2MASSI J0835425-081923 [de],23.53,62,1.00
1168,NML Cygni,"05,251",50,"1,640 - 2,770",2MASSI J0847287-153237 [de],43,64,1.00
1169,VB 10,018.72,0.075,0.10,2MASS J08533619-0329321,27.6,77,1.07
1170,WOH G64,"0163,000",<20,"1,540 - 1,730",2MASSI J0859254-194926 [de],50,50,0.98
1171,TRAPPIST-1,039.6,0.089,0.12,2MASSW J0920122+351742 [de],95,,
1172,2MASS J0523-1403,040.3,0.07,0.086,2MASSI J0937347+293142,20.0,42,0.94
1173,WISE 0855−0714,07.27,0.003,?,2MASS 0939−2448,17.4,32,0.95
1174,Icarus,"014,400,000,000",33,?,2MASS J09490860-1545485 [de],59,49,0.96
1175,star_names,distance,mass,radius,Star_name,Distance,Mass,Radius
1176,Sun,0.000015813,1,1,SDSS J000013.54+255418.6 [de],46.1,48,0.99
1177,Sirius,0008.6,2.1,1.71,2MASS J00040288-6410358,192,19,1.63
1178,Canopus,0310,15,71,LHS 102BC,,,
1179,Alpha Centauri,0004.4,1.1,1.2,2MASS J00242463-0158201,37.7,79,1.09
1180,Arcturus,0037,1.1,26,2MASS J00250365+4759191AB,143,,
1181,Vega,0025,2.2,2.7,2MASS J00274197+0503417,236,31,1.44
1182,Capella,0043,2.6,12,2MASS J00275592+2219328,46.9,,
1183,Rigel,0860,23,78.9,2MASSW J0030300-145033,87.2,54,0.98
1184,Procyon,0011.4,1.5,1.9,2MASS J00332386-1521309 [de],131,29,1.43
1185,Betelgeuse,0640[1],20,950,2MASS J00345157+0523050,31,42,0.94
1186,Achernar,0144,6.7,9.3,2MASS 0036+1821,28.6,42,0.94
1187,Hadar,0390,10.5,8.6,2MASSW J0045214+163445,57,23,1.62
1188,Altair,0017,1.8,1.8,WISEP J004701.06+680352.1 [fr],40,12,1.3
1189,Acrux,0320,18,8.9,2MASS J00501994-3322402 [de],34,40,0.94
1190,Aldebaran,0065,1.5,44,2MASS J00034227-2822410,,,
1191,Antares,0600,12,680,2MASS J00584253-0651239 [de],96,29,1.43
1192,Spica,0260,11.43,7.47,CFBDS J005910.90–011401.3,30,23,
1193,Pollux,0034,1.9,8.8,2MASSI J0103320+193536,70,52,0.98
1194,Fomalhaut,0025,1.9,1.8,SDSSp J010752.33+004156.1 [de],51,52,0.98
1195,Deneb,"2,600",19,203,2MASSI J0117474-340325 [de],163,20,1.62
1196,Mimosa,0350,16,8.4,2MASS J01415823-4633574 [de],130,20,1.61
1197,Regulus,0077,3.8,3.1,SDSS J015141.69+124429.6,70,47,0.97
1198,Adhara,0430,12.5,14,DENIS-P J020529.0−115925A,65,,
1199,Shaula,0700,14.5,8.8,DENIS-P J020529.0−115925B,65,,
1200,Castor,0052,2.8,2.4,DENIS-P J020529.0−115925C,65,,
1201,Gacrux,0088,1.5,84,SDSS J020742.48+000056.2 [de],111,47,0.97
1202,Bellatrix,0240,8.6,5.8,2MASS J02103857-3015313,101,15,1.53
1203,Elnath,0130,5.0,4.2,2MASS J02340093-6442068,155,20,1.62
1204,Miaplacidus,0110,3.5,6.8,2MASS J02411151-0326587 [de],152,27,1.41
1205,Alnilam,"2,000",32,42,2MASS J02431371−2453298,35,33,0.99
1206,Gamma Velorum,"01,100",9.0,6,LP 771-21,53,78,1.08
1207,Alnair,0101,4.0,3.4,2MASS J02511327+0047364,,,
1208,Alioth,0081,2.9,4.2,Teegarden's star,12.578,80,1.27
1209,Alnitak,01050,33,20,2MASS J02535980+3206373,184,65,1.9
1210,Dubhe,0120,4.25,30,WISE J0254+0223,24,65,1.9
1211,Mirfak,0590,8.5,68,DEN 0255-4700,16.2,80,0.97
1212,Wezen,"1,600",17,200,2MASS J03185403-3421292 [de],45,49,0.97
1213,Sargas,0270,5.7,26,2MASS J03205965+1854233,47,88,1.15
1214,Kaus Australis,0140,3.5,6.8,2MASS J03231002-4631237,192,23,1.66
1215,Avior,0630,9.0,130,SDSS J032553.17+042540.1,59,45,0.95
1216,Alkaid,0104,6.1,3.4,2MASS J03264225-2102057 [de],80,18,1.3
1217,Menkalinan,081,2.39,2.77,2MASS J03284265+2302051 [de],98,54,0.98
1218,Atria,0390,7,92,2MASS J03341218-4953322,27.0,73,1.04
1219,Alhena,0109,2.8,3.3,LP 944-20,20.9,73,1.43
1220,Peacock,0180,5.9,4.8,2MASP J0345432+254023,88,74,1.05
1221,Alsephina[2],0080,2.4,2.9,Teide 1,380,55,3.78
1222,Mirzam,0500,13.5,10,2MASS J03510004-0052452,48,102,1.27
1223,Polaris,0430,5.4,39,2MASS J03552337+1133437,29.8,20,1.32
1224,Alphard,0180,3.0,50,DENIS-P J035726.9-441730 [de],130,,
1225,Mintaka,01200,24,16.5,2MASS J04151954−0935066,18.6,30,0.95
1226,Scheat,0196,2.1,95,SDSSp J042348.57-041403.5 [de],50,,
1227,Almaaz,0653,15,140,2MASS J04285096-2253227 [de],85,80,1.09
1228,Rasalgethi,0360,2.8,280,2MASS J04351612-1606574,34,100,1.26
1229,Tau Ceti,011.9,0.783,0.893,2MASS J04362788-4114465,142,39,1.97
1230,Delta Pavonis,019.92,0.991,1.22,2MASS J04390101-2353083 [de],29.5,48,0.97
1231,Ran,010.48,0.82,0.74,2MASS J04414489+2301513,470,19,
1232,V382 Carinae,"08,900",20,485,2MASS J04433764+0002040,82,22,1.78
1233,Eta Carinae,"07,500",100,60–881,2MASS J04455387-3048204 [de],42,64,1.00
1234,Delta Cephei,0887,4.5,44.5,2MASS J04510093-3402150 [de],69,1.04,72
1235,Mu Cephei,"06,000",19.2,972,2MASS J05002100+0330501 [de],44,64,1.00
1236,Titawin,044.25,1.27,1.48,2MASS J05012406-0010452 [de],64,21,1.38
1237,Rho Cassiopeiae,"08,154",22,636-981,2MASS J05160945-0445499 [de],73,47,0.97
1238,P Cygni,"05,545",30,76,2MASS J0523−1403,40,68,1.01
1239,La Superba,"01,000",,129 - 342,2MASS 0532+8246,81,83,
1240,VV Cephei,"04,900",18.2,"516 - 1,050",SDSS J053951.99-005902.0,41.62,61,1.01
1241,61 Cygni,011.41,0.7,0.665,2MASS J05591914-1404488 [de],34,,
1242,R Doradus,0178,0.7 - 1.0,298,LSR 0602+3910 [de],34.6,28,1.41
1243,Polaris Australis,0281,1.59,3.74,2MASS J06085283-2753583,102,38,1.51
1244,R Coronae Borealis,"04,566",0.85,85,WISEP J061135.13-041024.0A,69,65,
1245,54 Piscium,036.1,0.76,0.94,WISEP J061135.13-041024.0B,69,53,
1246,Mira,0300,1.2,370,2MASS J06244595-4521548 [de],39,56,0.99
1247,RW Cephei,"014,000",13.9,"1,158",2MASS J06411840-4322329 [de],65,67,1.01
1248,Lacaille 8760,012.87,0.6,0.51,DENIS-P J0652197-253450 [de],51,75,1.05
1249,V838 Monocerotis,"019,896",?,380 - 750,2MASS J07003664+3157266 [de],40,,
1250,HD 140283,0190,?,1.4,2MASS J07075327-4900503,60,72,1.03
1251,II Pegasi,0130,0.8,3.4,UGPS J072227.51-054031.2,13.4,26,0.98
1252,VY Canis Majoris,"03,900",17,"1,420",2MASSI J0727182+171001 [de],29.6,41,0.94
1253,Pistol Star,"025,000",100,320,2MASS J07290002-3954043 [de],25.8,37,0.94
1254,S Doradus,"0169,000",24,380,SDSS J074201.41+205520.5 [de],49,43,0.94
1255,UY Scuti,"05,100",7–10,755,2MASS J0746425+200032 [fr],49.6,,
1256,Barnard's Star,05.98,0.14,0.20,DENIS-P J0751164-253043 [de],55,71,1.03
1257,Luhman 16,06.52,0.04,?,2MASS J07522390+1612157,60,2.01,68
1258,Proxima Centauri,04.25,0.12,0.15,DENIS J081730.0-615520,16.1,44,0.94
1259,KIC 8462852,"01,470",1.43,1.58,DENIS J082303.1−491201A,67,44,
1260,R136a1,"0163,000",290,32,DENIS J082303.1−491201B,67,28,
1261,Melnick 42,"0163,000",189,21.1,2MASS J08251968+2115521 [de],35,52,0.98
1262,WR 102,"018,134",19,0.39,SDSSp J083008.12+482847.4 [de],43,48,0.99
1263,VFTS 352,"0164,000",57.48,14.47,LHS 2021,55,88,1.15
1264,YBP 1194,"02,772",1.01,0.99,SDSS J083048.80+012831.1 [de],77,46,0.96
1265,Gliese 1214,047.5,0.16,0.21,2MASSI J0835425-081923 [de],23.53,62,1.00
1266,NML Cygni,"05,251",50,"1,640 - 2,770",2MASSI J0847287-153237 [de],43,64,1.00
1267,VB 10,018.72,0.075,0.10,2MASS J08533619-0329321,27.6,77,1.07
1268,WOH G64,"0163,000",<20,"1,540 - 1,730",2MASSI J0859254-194926 [de],50,50,0.98
1269,TRAPPIST-1,039.6,0.089,0.12,2MASSW J0920122+351742 [de],95,,
1270,2MASS J0523-1403,040.3,0.07,0.086,2MASSI J0937347+293142,20.0,42,0.94
1271,WISE 0855−0714,07.27,0.003,?,2MASS 0939−2448,17.4,32,0.95
1272,Icarus,"014,400,000,000",33,?,2MASS J09490860-1545485 [de],59,49,0.96
1273,star_names,distance,mass,radius,Star_name,Distance,Mass,Radius
1274,Sun,0.000015813,1,1,SDSS J000013.54+255418.6 [de],46.1,48,0.99
1275,Sirius,0008.6,2.1,1.71,2MASS J00040288-6410358,192,19,1.63
1276,Canopus,0310,15,71,LHS 102BC,,,
1277,Alpha Centauri,0004.4,1.1,1.2,2MASS J00242463-0158201,37.7,79,1.09
1278,Arcturus,0037,1.1,26,2MASS J00250365+4759191AB,143,,
1279,Vega,0025,2.2,2.7,2MASS J00274197+0503417,236,31,1.44
1280,Capella,0043,2.6,12,2MASS J00275592+2219328,46.9,,
1281,Rigel,0860,23,78.9,2MASSW J0030300-145033,87.2,54,0.98
1282,Procyon,0011.4,1.5,1.9,2MASS J00332386-1521309 [de],131,29,1.43
1283,Betelgeuse,0640[1],20,950,2MASS J00345157+0523050,31,42,0.94
1284,Achernar,0144,6.7,9.3,2MASS 0036+1821,28.6,42,0.94
1285,Hadar,0390,10.5,8.6,2MASSW J0045214+163445,57,23,1.62
1286,Altair,0017,1.8,1.8,WISEP J004701.06+680352.1 [fr],40,12,1.3
1287,Acrux,0320,18,8.9,2MASS J00501994-3322402 [de],34,40,0.94
1288,Aldebaran,0065,1.5,44,2MASS J00034227-2822410,,,
1289,Antares,0600,12,680,2MASS J00584253-0651239 [de],96,29,1.43
1290,Spica,0260,11.43,7.47,CFBDS J005910.90–011401.3,30,23,
1291,Pollux,0034,1.9,8.8,2MASSI J0103320+193536,70,52,0.98
1292,Fomalhaut,0025,1.9,1.8,SDSSp J010752.33+004156.1 [de],51,52,0.98
1293,Deneb,"2,600",19,203,2MASSI J0117474-340325 [de],163,20,1.62
1294,Mimosa,0350,16,8.4,2MASS J01415823-4633574 [de],130,20,1.61
1295,Regulus,0077,3.8,3.1,SDSS J015141.69+124429.6,70,47,0.97
1296,Adhara,0430,12.5,14,DENIS-P J020529.0−115925A,65,,
1297,Shaula,0700,14.5,8.8,DENIS-P J020529.0−115925B,65,,
1298,Castor,0052,2.8,2.4,DENIS-P J020529.0−115925C,65,,
1299,Gacrux,0088,1.5,84,SDSS J020742.48+000056.2 [de],111,47,0.97
1300,Bellatrix,0240,8.6,5.8,2MASS J02103857-3015313,101,15,1.53
1301,Elnath,0130,5.0,4.2,2MASS J02340093-6442068,155,20,1.62
1302,Miaplacidus,0110,3.5,6.8,2MASS J02411151-0326587 [de],152,27,1.41
1303,Alnilam,"2,000",32,42,2MASS J02431371−2453298,35,33,0.99
1304,Gamma Velorum,"01,100",9.0,6,LP 771-21,53,78,1.08
1305,Alnair,0101,4.0,3.4,2MASS J02511327+0047364,,,
1306,Alioth,0081,2.9,4.2,Teegarden's star,12.578,80,1.27
1307,Alnitak,01050,33,20,2MASS J02535980+3206373,184,65,1.9
1308,Dubhe,0120,4.25,30,WISE J0254+0223,24,65,1.9
1309,Mirfak,0590,8.5,68,DEN 0255-4700,16.2,80,0.97
1310,Wezen,"1,600",17,200,2MASS J03185403-3421292 [de],45,49,0.97
1311,Sargas,0270,5.7,26,2MASS J03205965+1854233,47,88,1.15
1312,Kaus Australis,0140,3.5,6.8,2MASS J03231002-4631237,192,23,1.66
1313,Avior,0630,9.0,130,SDSS J032553.17+042540.1,59,45,0.95
1314,Alkaid,0104,6.1,3.4,2MASS J03264225-2102057 [de],80,18,1.3
1315,Menkalinan,081,2.39,2.77,2MASS J03284265+2302051 [de],98,54,0.98
1316,Atria,0390,7,92,2MASS J03341218-4953322,27.0,73,1.04
1317,Alhena,0109,2.8,3.3,LP 944-20,20.9,73,1.43
1318,Peacock,0180,5.9,4.8,2MASP J0345432+254023,88,74,1.05
1319,Alsephina[2],0080,2.4,2.9,Teide 1,380,55,3.78
1320,Mirzam,0500,13.5,10,2MASS J03510004-0052452,48,102,1.27
1321,Polaris,0430,5.4,39,2MASS J03552337+1133437,29.8,20,1.32
1322,Alphard,0180,3.0,50,DENIS-P J035726.9-441730 [de],130,,
1323,Mintaka,01200,24,16.5,2MASS J04151954−0935066,18.6,30,0.95
1324,Scheat,0196,2.1,95,SDSSp J042348.57-041403.5 [de],50,,
1325,Almaaz,0653,15,140,2MASS J04285096-2253227 [de],85,80,1.09
1326,Rasalgethi,0360,2.8,280,2MASS J04351612-1606574,34,100,1.26
1327,Tau Ceti,011.9,0.783,0.893,2MASS J04362788-4114465,142,39,1.97
1328,Delta Pavonis,019.92,0.991,1.22,2MASS J04390101-2353083 [de],29.5,48,0.97
1329,Ran,010.48,0.82,0.74,2MASS J04414489+2301513,470,19,
1330,V382 Carinae,"08,900",20,485,2MASS J04433764+0002040,82,22,1.78
1331,Eta Carinae,"07,500",100,60–881,2MASS J04455387-3048204 [de],42,64,1.00
1332,Delta Cephei,0887,4.5,44.5,2MASS J04510093-3402150 [de],69,1.04,72
1333,Mu Cephei,"06,000",19.2,972,2MASS J05002100+0330501 [de],44,64,1.00
1334,Titawin,044.25,1.27,1.48,2MASS J05012406-0010452 [de],64,21,1.38
1335,Rho Cassiopeiae,"08,154",22,636-981,2MASS J05160945-0445499 [de],73,47,0.97
1336,P Cygni,"05,545",30,76,2MASS J0523−1403,40,68,1.01
1337,La Superba,"01,000",,129 - 342,2MASS 0532+8246,81,83,
1338,VV Cephei,"04,900",18.2,"516 - 1,050",SDSS J053951.99-005902.0,41.62,61,1.01
1339,61 Cygni,011.41,0.7,0.665,2MASS J05591914-1404488 [de],34,,
1340,R Doradus,0178,0.7 - 1.0,298,LSR 0602+3910 [de],34.6,28,1.41
1341,Polaris Australis,0281,1.59,3.74,2MASS J06085283-2753583,102,38,1.51
1342,R Coronae Borealis,"04,566",0.85,85,WISEP J061135.13-041024.0A,69,65,
1343,54 Piscium,036.1,0.76,0.94,WISEP J061135.13-041024.0B,69,53,
1344,Mira,0300,1.2,370,2MASS J06244595-4521548 [de],39,56,0.99
1345,RW Cephei,"014,000",13.9,"1,158",2MASS J06411840-4322329 [de],65,67,1.01
1346,Lacaille 8760,012.87,0.6,0.51,DENIS-P J0652197-253450 [de],51,75,1.05
1347,V838 Monocerotis,"019,896",?,380 - 750,2MASS J07003664+3157266 [de],40,,
1348,HD 140283,0190,?,1.4,2MASS J07075327-4900503,60,72,1.03
1349,II Pegasi,0130,0.8,3.4,UGPS J072227.51-054031.2,13.4,26,0.98
1350,VY Canis Majoris,"03,900",17,"1,420",2MASSI J0727182+171001 [de],29.6,41,0.94
1351,Pistol Star,"025,000",100,320,2MASS J07290002-3954043 [de],25.8,37,0.94
1352,S Doradus,"0169,000",24,380,SDSS J074201.41+205520.5 [de],49,43,0.94
1353,UY Scuti,"05,100",7–10,755,2MASS J0746425+200032 [fr],49.6,,
1354,Barnard's Star,05.98,0.14,0.20,DENIS-P J0751164-253043 [de],55,71,1.03
1355,Luhman 16,06.52,0.04,?,2MASS J07522390+1612157,60,2.01,68
1356,Proxima Centauri,04.25,0.12,0.15,DENIS J081730.0-615520,16.1,44,0.94
1357,KIC 8462852,"01,470",1.43,1.58,DENIS J082303.1−491201A,67,44,
1358,R136a1,"0163,000",290,32,DENIS J082303.1−491201B,67,28,
1359,Melnick 42,"0163,000",189,21.1,2MASS J08251968+2115521 [de],35,52,0.98
1360,WR 102,"018,134",19,0.39,SDSSp J083008.12+482847.4 [de],43,48,0.99
1361,VFTS 352,"0164,000",57.48,14.47,LHS 2021,55,88,1.15
1362,YBP 1194,"02,772",1.01,0.99,SDSS J083048.80+012831.1 [de],77,46,0.96
1363,Gliese 1214,047.5,0.16,0.21,2MASSI J0835425-081923 [de],23.53,62,1.00
1364,NML Cygni,"05,251",50,"1,640 - 2,770",2MASSI J0847287-153237 [de],43,64,1.00
1365,VB 10,018.72,0.075,0.10,2MASS J08533619-0329321,27.6,77,1.07
1366,WOH G64,"0163,000",<20,"1,540 - 1,730",2MASSI J0859254-194926 [de],50,50,0.98
1367,TRAPPIST-1,039.6,0.089,0.12,2MASSW J0920122+351742 [de],95,,
1368,2MASS J0523-1403,040.3,0.07,0.086,2MASSI J0937347+293142,20.0,42,0.94
1369,WISE 0855−0714,07.27,0.003,?,2MASS 0939−2448,17.4,32,0.95
1370,Icarus,"014,400,000,000",33,?,2MASS J09490860-1545485 [de],59,49,0.96
1371,star_names,distance,mass,radius,Star_name,Distance,Mass,Radius
1372,Sun,0.000015813,1,1,SDSS J000013.54+255418.6 [de],46.1,48,0.99
1373,Sirius,0008.6,2.1,1.71,2MASS J00040288-6410358,192,19,1.63
1374,Canopus,0310,15,71,LHS 102BC,,,
1375,Alpha Centauri,0004.4,1.1,1.2,2MASS J00242463-0158201,37.7,79,1.09
1376,Arcturus,0037,1.1,26,2MASS J00250365+4759191AB,143,,
1377,Vega,0025,2.2,2.7,2MASS J00274197+0503417,236,31,1.44
1378,Capella,0043,2.6,12,2MASS J00275592+2219328,46.9,,
1379,Rigel,0860,23,78.9,2MASSW J0030300-145033,87.2,54,0.98
1380,Procyon,0011.4,1.5,1.9,2MASS J00332386-1521309 [de],131,29,1.43
1381,Betelgeuse,0640[1],20,950,2MASS J00345157+0523050,31,42,0.94
1382,Achernar,0144,6.7,9.3,2MASS 0036+1821,28.6,42,0.94
1383,Hadar,0390,10.5,8.6,2MASSW J0045214+163445,57,23,1.62
1384,Altair,0017,1.8,1.8,WISEP J004701.06+680352.1 [fr],40,12,1.3
1385,Acrux,0320,18,8.9,2MASS J00501994-3322402 [de],34,40,0.94
1386,Aldebaran,0065,1.5,44,2MASS J00034227-2822410,,,
1387,Antares,0600,12,680,2MASS J00584253-0651239 [de],96,29,1.43
1388,Spica,0260,11.43,7.47,CFBDS J005910.90–011401.3,30,23,
1389,Pollux,0034,1.9,8.8,2MASSI J0103320+193536,70,52,0.98
1390,Fomalhaut,0025,1.9,1.8,SDSSp J010752.33+004156.1 [de],51,52,0.98
1391,Deneb,"2,600",19,203,2MASSI J0117474-340325 [de],163,20,1.62
1392,Mimosa,0350,16,8.4,2MASS J01415823-4633574 [de],130,20,1.61
1393,Regulus,0077,3.8,3.1,SDSS J015141.69+124429.6,70,47,0.97
1394,Adhara,0430,12.5,14,DENIS-P J020529.0−115925A,65,,
1395,Shaula,0700,14.5,8.8,DENIS-P J020529.0−115925B,65,,
1396,Castor,0052,2.8,2.4,DENIS-P J020529.0−115925C,65,,
1397,Gacrux,0088,1.5,84,SDSS J020742.48+000056.2 [de],111,47,0.97
1398,Bellatrix,0240,8.6,5.8,2MASS J02103857-3015313,101,15,1.53
1399,Elnath,0130,5.0,4.2,2MASS J02340093-6442068,155,20,1.62
1400,Miaplacidus,0110,3.5,6.8,2MASS J02411151-0326587 [de],152,27,1.41
1401,Alnilam,"2,000",32,42,2MASS J02431371−2453298,35,33,0.99
1402,Gamma Velorum,"01,100",9.0,6,LP 771-21,53,78,1.08
1403,Alnair,0101,4.0,3.4,2MASS J02511327+0047364,,,
1404,Alioth,0081,2.9,4.2,Teegarden's star,12.578,80,1.27
1405,Alnitak,01050,33,20,2MASS J02535980+3206373,184,65,1.9
1406,Dubhe,0120,4.25,30,WISE J0254+0223,24,65,1.9
1407,Mirfak,0590,8.5,68,DEN 0255-4700,16.2,80,0.97
1408,Wezen,"1,600",17,200,2MASS J03185403-3421292 [de],45,49,0.97
1409,Sargas,0270,5.7,26,2MASS J03205965+1854233,47,88,1.15
1410,Kaus Australis,0140,3.5,6.8,2MASS J03231002-4631237,192,23,1.66
1411,Avior,0630,9.0,130,SDSS J032553.17+042540.1,59,45,0.95
1412,Alkaid,0104,6.1,3.4,2MASS J03264225-2102057 [de],80,18,1.3
1413,Menkalinan,081,2.39,2.77,2MASS J03284265+2302051 [de],98,54,0.98
1414,Atria,0390,7,92,2MASS J03341218-4953322,27.0,73,1.04
1415,Alhena,0109,2.8,3.3,LP 944-20,20.9,73,1.43
1416,Peacock,0180,5.9,4.8,2MASP J0345432+254023,88,74,1.05
1417,Alsephina[2],0080,2.4,2.9,Teide 1,380,55,3.78
1418,Mirzam,0500,13.5,10,2MASS J03510004-0052452,48,102,1.27
1419,Polaris,0430,5.4,39,2MASS J03552337+1133437,29.8,20,1.32
1420,Alphard,0180,3.0,50,DENIS-P J035726.9-441730 [de],130,,
1421,Mintaka,01200,24,16.5,2MASS J04151954−0935066,18.6,30,0.95
1422,Scheat,0196,2.1,95,SDSSp J042348.57-041403.5 [de],50,,
1423,Almaaz,0653,15,140,2MASS J04285096-2253227 [de],85,80,1.09
1424,Rasalgethi,0360,2.8,280,2MASS J04351612-1606574,34,100,1.26
1425,Tau Ceti,011.9,0.783,0.893,2MASS J04362788-4114465,142,39,1.97
1426,Delta Pavonis,019.92,0.991,1.22,2MASS J04390101-2353083 [de],29.5,48,0.97
1427,Ran,010.48,0.82,0.74,2MASS J04414489+2301513,470,19,
1428,V382 Carinae,"08,900",20,485,2MASS J04433764+0002040,82,22,1.78
1429,Eta Carinae,"07,500",100,60–881,2MASS J04455387-3048204 [de],42,64,1.00
1430,Delta Cephei,0887,4.5,44.5,2MASS J04510093-3402150 [de],69,1.04,72
1431,Mu Cephei,"06,000",19.2,972,2MASS J05002100+0330501 [de],44,64,1.00
1432,Titawin,044.25,1.27,1.48,2MASS J05012406-0010452 [de],64,21,1.38
1433,Rho Cassiopeiae,"08,154",22,636-981,2MASS J05160945-0445499 [de],73,47,0.97
1434,P Cygni,"05,545",30,76,2MASS J0523−1403,40,68,1.01
1435,La Superba,"01,000",,129 - 342,2MASS 0532+8246,81,83,
1436,VV Cephei,"04,900",18.2,"516 - 1,050",SDSS J053951.99-005902.0,41.62,61,1.01
1437,61 Cygni,011.41,0.7,0.665,2MASS J05591914-1404488 [de],34,,
1438,R Doradus,0178,0.7 - 1.0,298,LSR 0602+3910 [de],34.6,28,1.41
1439,Polaris Australis,0281,1.59,3.74,2MASS J06085283-2753583,102,38,1.51
1440,R Coronae Borealis,"04,566",0.85,85,WISEP J061135.13-041024.0A,69,65,
1441,54 Piscium,036.1,0.76,0.94,WISEP J061135.13-041024.0B,69,53,
1442,Mira,0300,1.2,370,2MASS J06244595-4521548 [de],39,56,0.99
1443,RW Cephei,"014,000",13.9,"1,158",2MASS J06411840-4322329 [de],65,67,1.01
1444,Lacaille 8760,012.87,0.6,0.51,DENIS-P J0652197-253450 [de],51,75,1.05
1445,V838 Monocerotis,"019,896",?,380 - 750,2MASS J07003664+3157266 [de],40,,
1446,HD 140283,0190,?,1.4,2MASS J07075327-4900503,60,72,1.03
1447,II Pegasi,0130,0.8,3.4,UGPS J072227.51-054031.2,13.4,26,0.98
1448,VY Canis Majoris,"03,900",17,"1,420",2MASSI J0727182+171001 [de],29.6,41,0.94
1449,Pistol Star,"025,000",100,320,2MASS J07290002-3954043 [de],25.8,37,0.94
1450,S Doradus,"0169,000",24,380,SDSS J074201.41+205520.5 [de],49,43,0.94
1451,UY Scuti,"05,100",7–10,755,2MASS J0746425+200032 [fr],49.6,,
1452,Barnard's Star,05.98,0.14,0.20,DENIS-P J0751164-253043 [de],55,71,1.03
1453,Luhman 16,06.52,0.04,?,2MASS J07522390+1612157,60,2.01,68
1454,Proxima Centauri,04.25,0.12,0.15,DENIS J081730.0-615520,16.1,44,0.94
1455,KIC 8462852,"01,470",1.43,1.58,DENIS J082303.1−491201A,67,44,
1456,R136a1,"0163,000",290,32,DENIS J082303.1−491201B,67,28,
1457,Melnick 42,"0163,000",189,21.1,2MASS J08251968+2115521 [de],35,52,0.98
1458,WR 102,"018,134",19,0.39,SDSSp J083008.12+482847.4 [de],43,48,0.99
1459,VFTS 352,"0164,000",57.48,14.47,LHS 2021,55,88,1.15
1460,YBP 1194,"02,772",1.01,0.99,SDSS J083048.80+012831.1 [de],77,46,0.96
1461,Gliese 1214,047.5,0.16,0.21,2MASSI J0835425-081923 [de],23.53,62,1.00
1462,NML Cygni,"05,251",50,"1,640 - 2,770",2MASSI J0847287-153237 [de],43,64,1.00
1463,VB 10,018.72,0.075,0.10,2MASS J08533619-0329321,27.6,77,1.07
1464,WOH G64,"0163,000",<20,"1,540 - 1,730",2MASSI J0859254-194926 [de],50,50,0.98
1465,TRAPPIST-1,039.6,0.089,0.12,2MASSW J0920122+351742 [de],95,,
1466,2MASS J0523-1403,040.3,0.07,0.086,2MASSI J0937347+293142,20.0,42,0.94
1467,WISE 0855−0714,07.27,0.003,?,2MASS 0939−2448,17.4,32,0.95
1468,Icarus,"014,400,000,000",33,?,2MASS J09490860-1545485 [de],59,49,0.96
